diseaseId,departmentTd
916,32
4991,33
4957,34
2254,32
6364,32
5345,33
282,32
21,32
1351,26
1826,34
8628,32
5775,32
2513,32
6834,32
7122,32
538,32
7327,32
1675,32
7696,32
2970,32
7953,32
339,32
3246,32
8570,32
5093,32
7187,32
5006,32
5542,49
7157,16
8095,32
3333,49
716,34
6848,32
1580,34
1149,34
3232,32
4129,32
1061,34
4540,32
8228,32
642,32
5812,32
3777,2
4513,32
2131,32
5403,32
4467,32
157,32
7948,29
1069,32
1802,34
6559,32
4078,32
3340,34
8661,32
4481,32
5109,32
2371,34
28,34
4401,12
490,32
6493,29
7860,29
5335,32
8633,49
7887,16
3329,16
4873,34
5129,32
8620,32
3016,32
1825,32
7425,32
4978,32
7797,32
4739,32
7182,12
801,33
4257,16
3006,33
5930,33
2026,33
3377,33
7183,32
8270,33
4451,33
1917,33
4501,33
6032,32
3454,33
8380,33
8212,12
4197,16
1506,32
5448,32
3360,32
7980,32
8443,32
4332,12
1054,29
2120,34
2603,34
7521,32
3748,5
7277,34
8180,32
7897,32
1290,32
2687,32
7938,17
3603,35
6951,35
7072,33
4405,16
3896,35
3251,16
5665,16
6769,17
1693,35
4365,35
8026,35
4023,18
6220,35
2197,16
3647,35
5980,35
4599,13
6589,16
4024,16
1948,16
7802,16
3345,16
2193,39
7086,35
1963,35
6289,35
7333,16
2291,35
5528,35
5866,16
8224,16
2113,35
604,35
7148,16
4054,17
5071,1
6363,16
460,35
1798,35
4595,35
1477,35
4478,35
8461,40
652,35
7839,35
5482,39
6598,35
7262,35
1670,17
1952,35
5256,16
403,35
5904,16
8320,16
5658,18
3214,16
1227,16
1906,34
1244,33
8754,22
2920,17
5948,29
1334,17
875,18
531,16
6595,13
6830,12
6905,35
1957,16
3565,35
7547,35
1874,35
2870,16
3822,33
379,33
22,16
3017,16
6468,12
6337,16
7592,16
2780,16
5369,17
1003,16
6270,35
312,35
2827,35
1968,35
1842,35
1288,35
2899,16
959,18
2267,48
6597,16
3194,35
2035,49
6212,16
5367,51
8734,17
7689,35
4085,48
5484,16
3877,16
6447,16
4970,16
693,16
4822,16
683,16
2071,35
7177,35
7247,18
5555,35
2013,35
764,35
4025,34
2439,9
2395,34
2702,42
2202,34
8678,42
3614,42
6658,42
2218,42
4169,42
5371,50
7662,42
7142,7
24,42
5522,34
3106,42
2227,42
1953,34
5364,34
5744,34
7041,34
8386,42
329,8
1234,42
7574,17
2829,42
7958,42
5159,42
6542,34
5358,17
6637,17
776,17
3245,18
6527,42
6508,42
3144,17
5819,34
3670,42
5987,42
6964,42
2209,42
2688,29
2700,17
1162,17
6454,42
6938,42
7203,21
136,42
7358,42
7708,42
4196,42
7178,21
6929,42
5511,42
6315,42
7084,42
5745,50
4688,42
6054,7
6418,42
757,49
2285,42
1879,34
2592,34
1199,49
4692,18
5810,39
6065,42
4500,42
8286,42
7019,42
6469,42
456,50
1013,42
5349,42
7083,42
2081,42
7790,42
8107,42
8640,17
168,49
409,17
6409,13
1475,13
6112,17
6893,17
4470,39
100,42
5567,42
4322,42
3079,42
3801,34
1442,42
3831,34
215,34
2270,34
6153,7
1239,42
396,42
7214,50
6652,34
6,7
7155,7
3631,42
4263,42
6118,42
166,13
668,42
3279,7
8641,17
3050,13
7355,7
1175,7
557,42
6480,29
4190,49
2342,21
2194,7
1215,7
7682,7
8152,42
4113,21
7894,42
5301,16
8071,16
8553,50
8390,16
3695,34
1427,8
5255,17
6553,17
4344,42
3959,42
6350,42
8272,42
3387,42
3502,50
8703,50
4205,17
2184,34
341,34
7686,42
3028,42
1216,21
5974,17
2545,17
6663,50
3796,42
8179,17
5661,50
2337,49
7902,42
5717,42
6818,42
1620,17
5168,42
8453,17
2576,7
3758,7
2353,42
4403,42
4634,42
4316,17
8133,42
2562,42
2673,42
8153,42
3146,42
4722,42
3563,42
891,42
4406,42
6119,42
8491,34
3587,34
4367,42
7752,42
3265,42
4291,34
8147,42
1476,42
4603,34
8277,34
1109,42
6562,42
845,42
5153,42
6554,42
4682,42
910,17
2539,42
1655,42
7505,42
8338,42
7418,42
7918,42
7874,42
4337,42
7466,42
6187,42
5801,42
1692,33
8159,34
7258,42
1316,42
6737,42
6092,17
2519,42
5082,17
3606,34
8581,34
2409,42
2848,17
7302,42
7074,49
3403,17
8218,34
2941,34
6347,34
6716,34
3651,34
4653,42
6705,7
1741,42
5384,22
1000,34
1231,49
4165,42
3709,42
8241,34
6266,34
7553,34
2981,34
1063,42
6897,16
3972,17
1799,17
5267,42
7507,49
7349,42
6986,42
4942,42
5902,34
3782,34
4019,16
5610,16
8548,16
3020,18
4544,16
1050,42
5843,42
2791,16
186,42
5058,42
993,42
2610,17
4036,34
7036,34
7171,34
464,42
1958,17
3161,34
7121,40
6388,42
2401,33
8326,49
2107,34
571,34
7125,42
8505,17
3756,42
5399,42
6539,17
2294,17
3381,42
5470,42
1153,17
4166,42
3330,42
8554,34
3491,42
4124,42
7982,42
6087,42
6330,42
1209,42
4680,42
1914,41
8487,17
6351,42
2374,18
3187,7
370,49
5608,17
6801,17
3104,17
5292,42
5098,17
3711,49
2784,17
8650,33
8480,17
2557,17
3754,34
2320,34
3476,42
3082,22
8186,17
6726,17
1658,33
7859,17
5162,33
5079,17
832,33
267,33
8564,17
4693,7
5353,42
904,33
8258,42
6626,33
3021,7
4757,33
1855,33
3153,34
4310,42
4696,42
4531,35
3519,42
6180,16
89,42
1101,7
3500,0
8501,29
7283,42
72,50
543,22
4317,34
4604,34
4740,34
4378,42
751,7
8352,17
6821,42
7939,42
4798,42
196,7
5420,7
1974,7
8771,34
3065,34
354,7
4532,7
7413,40
7478,42
2598,42
7154,49
2713,34
6523,34
2622,18
7685,34
6973,34
3554,50
2301,7
7192,42
7692,42
4357,42
3620,50
721,7
1453,5
3666,17
458,42
6200,42
7889,19
4231,23
8642,5
7454,19
3609,19
8123,34
3418,34
8348,34
3521,33
7130,19
4063,19
1590,19
7069,23
6011,34
2047,19
662,19
231,19
4290,34
284,19
95,19
7098,19
6386,19
7163,19
7717,19
8022,19
3578,19
6992,19
7937,19
6014,19
4828,19
8164,19
2406,29
3322,19
1289,19
7221,19
274,32
4126,19
1402,19
4318,19
5531,19
8077,19
7687,19
459,19
8081,10
7054,19
1498,23
6007,34
7026,10
2307,10
6926,23
1560,18
378,19
5164,19
8308,23
4066,23
5997,19
3332,23
5354,19
6555,23
8109,19
2005,23
1931,19
6933,19
4741,23
4387,25
7765,19
893,40
4302,40
1999,34
1960,30
4519,23
5238,23
8134,23
7851,18
7416,19
2880,19
537,23
8659,19
8725,19
5061,19
8788,19
2348,19
3937,33
848,33
7031,12
2706,12
4897,33
2541,12
1962,3
3523,10
3439,19
4885,19
5406,19
1933,19
334,19
788,13
4071,13
4395,34
2742,34
957,13
5177,13
1930,13
7916,13
3274,13
4160,13
3337,13
6975,13
718,13
3085,13
5407,50
5374,12
5095,33
4353,13
3008,39
4293,13
7160,34
3702,13
1255,13
4491,13
77,17
5733,13
4827,13
8236,4
4227,13
3254,13
1805,13
6792,13
298,13
7049,13
8755,13
876,13
6423,13
7540,34
5039,13
4981,13
5779,39
4055,13
3618,48
2708,13
1951,13
7546,13
6630,13
7666,13
5589,20
1257,20
4375,13
7855,13
83,13
5832,13
8359,12
5183,39
7643,13
5314,13
1797,34
4633,13
1961,48
4454,13
5431,13
3225,34
4756,34
684,34
1531,13
8463,13
8119,1
6733,1
4816,13
5603,13
8572,13
654,13
5794,13
1280,18
8256,13
1856,13
4702,13
7572,13
7761,34
2556,48
7613,29
420,34
6708,13
2304,33
3031,12
4142,13
6376,13
2475,34
3096,13
4014,48
7137,13
3285,13
4958,48
2768,48
2327,1
7373,13
210,52
7469,34
4073,34
1354,35
5781,13
2604,13
3847,13
4945,13
1745,13
5032,13
2082,13
7138,13
2559,40
3469,51
2762,20
5805,40
1395,40
2621,40
5219,40
2823,40
3433,51
7537,40
7751,40
7134,49
2923,40
879,34
649,26
8517,12
1513,40
6779,40
4946,35
8655,4
6844,40
216,40
5411,32
3794,32
3872,40
6915,40
8575,40
2489,40
5648,17
419,40
1081,53
6298,17
2789,40
1672,40
8405,40
3582,40
296,40
2498,18
360,17
5670,40
8464,40
7101,40
1100,40
4891,40
1245,40
5671,3
4034,40
2097,40
6088,1
8737,8
6465,16
6115,8
4374,17
336,49
8529,40
5278,53
5464,40
508,53
8577,40
1189,53
6623,40
8452,40
2534,40
4636,40
609,31
2676,31
4128,31
7091,17
2879,17
2402,12
7243,53
5026,16
1107,0
7042,53
4222,53
4994,40
3373,52
3137,48
3025,53
3966,18
4282,18
7583,29
2469,18
5623,18
445,18
5395,40
4979,40
2443,49
7316,18
4350,40
7397,40
1572,41
2448,41
4838,41
3916,41
3662,41
7527,41
5356,41
1982,41
1135,41
3472,41
5735,40
6193,34
7457,41
3149,41
1431,41
8243,41
7945,18
8046,41
6993,41
7287,4
3930,41
2524,34
7071,41
2769,41
8215,41
6736,41
6283,41
6963,41
8509,41
461,41
3271,41
3566,19
6676,17
623,41
4413,41
2921,4
1270,41
3677,41
2832,23
1970,41
8299,41
8353,17
3602,41
6548,41
5723,41
3105,41
810,41
3728,34
5964,41
8439,41
8316,41
174,41
3763,41
3610,31
3524,12
6168,41
8588,41
302,41
1980,12
5037,12
7150,18
889,41
171,41
2866,41
1514,41
4345,41
2873,41
917,41
4527,41
42,41
2102,41
2432,12
6116,41
7088,41
7340,41
7180,41
2853,39
3624,39
2156,39
3970,39
4399,48
5864,39
6677,39
3445,39
5618,39
7861,39
1859,39
5200,39
4483,39
8047,39
2665,39
8319,4
8410,39
3460,39
4619,39
7167,39
2655,39
7494,39
1900,17
3537,39
3371,29
3655,39
1759,48
2544,39
723,39
4705,39
3956,8
7251,39
3192,8
7027,39
3425,39
256,17
8210,39
5232,17
8445,18
4709,39
2685,39
8201,39
2926,17
1410,39
3862,39
3226,39
7766,39
6052,12
4497,22
3921,39
1141,39
969,18
2916,22
3474,39
6574,39
7334,39
2295,39
2250,39
2408,39
1160,39
2705,39
6192,39
6911,16
4889,16
3793,16
3140,16
2570,16
321,16
2070,29
8802,16
4437,16
3463,32
4910,16
5993,16
4130,16
3708,18
8086,16
3706,4
7162,16
3595,16
7656,32
2243,16
7807,35
5597,35
4230,35
2007,35
6934,32
1258,16
2717,35
6619,16
7736,34
1064,16
3000,16
1646,16
5821,16
8361,35
4774,16
6102,16
5881,16
8535,16
6632,18
4639,16
1753,35
4381,35
2855,16
1521,18
7721,16
3931,18
722,1
5264,4
2915,20
1299,20
6786,20
4974,20
7965,20
4786,20
1972,20
2164,20
5986,48
702,48
2767,20
5672,13
8060,4
8082,39
4518,4
6398,4
3503,4
6863,4
3738,4
2095,4
4492,4
1441,4
8042,4
5068,4
7856,20
7423,20
1232,4
6696,4
8045,4
3894,13
1350,20
5975,20
2290,20
3112,13
5833,13
8093,4
6673,20
1038,20
199,13
5869,20
7523,18
4805,20
8536,20
5059,20
7806,20
7615,20
3427,20
705,20
6451,20
2514,13
8296,20
5118,20
412,20
7835,20
6391,29
2533,20
4372,13
6103,20
1198,29
3488,20
5283,20
4233,8
701,20
7064,20
3991,20
899,20
3889,29
3320,20
6096,48
8565,20
4539,20
3880,20
7314,20
641,20
3643,20
120,20
7369,20
6799,12
315,12
944,20
1005,20
3018,20
7474,20
3511,25
2155,13
4643,21
1022,21
5142,21
1108,21
4164,21
2892,21
7164,42
8672,21
8379,21
7249,7
2506,21
6090,21
6263,7
8801,21
3464,21
133,21
4161,17
1997,42
6123,42
8314,42
4686,17
1550,49
1927,17
2535,21
4823,21
4407,17
3751,17
322,21
7878,21
6714,17
3757,17
7364,18
1303,3
4460,3
3442,3
2766,3
5494,23
3109,3
7536,23
1880,23
4788,23
2730,23
6141,3
4062,3
7678,23
2538,23
6909,23
75,23
8611,23
4155,23
7191,18
5043,18
1137,23
8312,23
3996,23
6026,23
1988,23
2142,23
7691,23
1408,23
3219,49
4212,3
364,23
2552,23
912,23
1517,23
3272,23
5725,23
2819,23
6273,23
1703,18
3625,18
844,23
5449,18
7035,3
6260,3
1964,3
866,33
5547,23
8434,19
5679,17
3815,17
493,17
1712,22
3983,17
6872,17
1473,17
8441,17
6882,50
1206,50
5830,50
3349,50
2421,50
7412,50
1212,50
6169,50
4612,50
2088,50
3327,50
247,50
2938,50
1060,42
5525,50
6290,5
2108,42
5626,17
8304,50
2993,42
7010,17
688,42
5628,50
5652,42
8784,50
2239,50
3779,50
6446,49
2856,50
8780,50
3975,50
1528,50
1460,50
1552,50
2185,50
3746,4
3130,4
6700,4
617,4
335,4
4783,4
3994,4
2234,4
7034,4
5480,4
5491,4
2370,4
6291,4
7726,4
3019,4
1474,4
8799,4
8528,4
8282,4
4110,4
4157,4
2719,4
2723,4
2122,4
6604,4
5047,39
1275,4
7634,13
7044,13
2273,18
182,4
3573,4
4355,4
2199,4
301,4
3865,4
7135,4
7865,4
5647,4
56,4
7659,4
8456,4
8540,4
3635,4
5174,18
4628,4
3357,4
7746,4
4830,18
3369,4
5654,4
2205,4
7555,18
2522,4
785,4
76,4
6831,4
418,4
3280,4
7760,4
6573,4
6197,4
5115,4
7756,4
501,18
6091,4
2672,18
8720,18
8129,4
1522,4
7718,4
8466,4
8203,4
439,4
2876,4
1595,4
6907,4
8747,4
6812,4
155,4
2529,4
8333,4
2356,4
986,4
6767,53
4046,4
144,4
8120,4
7207,18
7763,18
5907,4
1815,18
2979,4
3163,18
1159,4
7378,4
3734,4
7096,4
8000,4
7420,4
2175,4
1317,4
4875,4
8015,4
170,13
5576,4
5397,4
6491,13
6948,4
1380,4
2499,4
1045,18
7254,4
5673,4
4672,4
7588,4
1849,20
34,4
5387,4
3200,4
2382,4
73,13
2087,4
8424,4
7384,4
4811,4
3307,13
5089,4
5916,4
6455,4
5418,1
4065,4
80,4
1392,4
7479,4
232,4
5701,4
2728,5
8516,4
983,53
7008,53
1518,4
3365,4
8344,4
2502,4
5442,4
1035,4
5772,4
2763,4
2615,4
7850,18
7341,18
8759,4
7236,4
3435,4
5851,4
6591,4
7338,4
2794,4
1838,4
2354,4
7781,4
2116,4
8547,4
5837,12
2383,4
4716,4
1391,4
8629,18
8358,33
4734,4
2459,4
4287,4
8287,4
252,4
1809,4
770,4
3054,4
4226,4
4049,4
6644,4
4104,4
4929,4
3726,4
4582,4
7779,4
7836,4
5455,4
514,4
5569,4
519,4
5140,4
8420,39
5877,4
1617,4
7788,4
791,4
8619,4
1132,4
789,4
4031,39
2438,4
3657,4
2729,4
8171,4
323,17
6221,4
2484,4
3207,4
6272,1
3863,1
5025,13
1742,4
4832,4
375,4
4824,4
7512,4
2567,4
3089,4
5572,4
6721,4
7601,4
3022,4
3424,4
5478,4
586,4
989,4
7239,4
1676,4
3915,4
8686,17
7946,17
5423,48
8373,48
512,48
8543,17
1226,17
8538,48
340,48
6889,30
3556,30
4555,17
5813,48
6892,48
4658,41
7395,17
5055,1
2922,17
1722,17
8007,17
5208,17
1325,48
2678,34
3893,29
4807,17
2145,17
4489,16
5189,17
580,17
7988,48
8576,30
4270,30
8354,30
4514,30
833,42
1624,30
7452,30
7896,30
6314,30
5282,22
7664,30
5220,48
7925,1
4899,8
2160,8
5391,8
1508,8
1811,8
299,48
4453,17
6524,17
6682,17
2722,18
5722,17
3807,49
888,17
8486,4
6740,4
3789,17
1062,17
8310,17
2249,17
3268,17
8580,18
1343,48
7614,48
3415,49
2203,4
8503,18
2833,18
970,51
4297,48
5303,18
1932,18
5328,18
4005,18
5415,49
5330,49
8541,18
5773,18
8054,1
4111,40
7490,49
678,18
1810,18
4922,18
644,18
8183,18
8597,18
3873,18
8194,18
7118,18
3227,18
3072,53
6585,18
5557,8
4601,18
2924,49
739,18
4329,49
1889,49
1304,18
1116,49
2579,1
6258,51
1661,49
3505,49
6073,49
1573,49
4296,18
2566,17
5169,18
8242,16
4999,49
6957,41
7909,49
5713,18
1373,18
2903,1
4125,17
2040,18
2949,49
6064,18
1407,18
2765,18
1167,18
1777,18
121,18
1510,18
1648,49
4202,18
1981,18
2271,1
8735,18
4094,49
6660,18
7690,18
6854,18
2618,18
7911,18
6577,18
5711,18
4562,49
7472,53
6722,48
6645,48
3802,18
1998,18
765,18
4743,18
7299,18
5818,1
7617,48
7903,18
3457,17
3444,51
7297,18
5526,18
8112,18
3639,18
8712,51
2664,51
6499,51
2450,51
4937,51
5814,51
7377,51
4362,5
3449,51
1205,51
5378,51
3984,51
7114,51
1487,40
3874,51
8670,51
6071,51
3255,51
4241,51
4248,51
7017,51
6569,51
6793,51
8435,51
6151,51
6399,51
3407,51
5472,51
343,51
3416,51
5495,5
2724,5
2587,5
5627,51
6281,43
4187,51
230,51
1348,51
6908,51
3479,51
7230,51
8609,26
4446,51
1623,51
630,51
5598,52
6164,51
4484,51
8449,51
3661,51
3776,51
451,51
3861,51
3971,51
2292,51
4605,5
6886,5
6754,5
3674,5
1157,29
5076,5
1470,5
41,5
7826,5
8127,5
7429,5
3604,5
6875,5
8087,5
7538,5
1640,5
8229,5
2546,33
3372,12
5991,17
6267,12
8496,53
4689,12
3686,12
1689,12
2486,12
8765,12
8069,33
5560,12
7606,17
1390,22
2826,29
139,12
1895,12
3338,33
5412,12
7272,33
6567,34
5662,17
3881,5
1619,4
1008,33
1345,17
2043,31
6550,39
8055,12
4466,1
4145,12
4102,33
4268,12
3829,12
7811,17
3398,33
6784,12
2247,33
8719,48
7754,1
3026,12
5684,17
6216,22
5530,12
8023,33
1579,12
5552,12
3827,33
3234,33
1015,53
497,48
524,12
3504,12
1767,52
158,13
1080,12
8482,1
4839,1
47,1
3684,1
4638,1
2002,1
3944,1
437,1
255,1
4203,1
6983,1
7459,1
3343,1
2042,1
5048,1
511,1
5275,34
4087,1
5450,1
351,1
7357,1
8618,1
4598,1
4926,1
2727,1
53,1
3125,1
7535,1
4511,1
5806,1
4870,1
3401,1
3239,1
7857,1
5507,1
778,1
3679,1
4919,1
4305,1
4690,1
1307,1
6070,1
4710,1
799,1
5970,1
1823,1
1492,1
5584,1
2376,1
7744,1
8221,1
7725,1
6444,1
5302,1
4192,1
1843,1
6401,1
8691,1
2472,1
7475,1
8108,1
2373,1
5211,1
2044,1
1246,1
1830,1
4253,1
1986,1
222,1
7719,1
3749,1
7700,1
5486,1
8710,1
4101,1
5051,1
5234,1
2128,1
118,1
660,1
1549,1
7621,1
3858,1
1155,1
6458,1
2661,1
5926,1
2335,1
1262,1
8188,1
1841,1
4818,1
428,1
8769,1
5244,1
2177,1
8168,1
6059,1
7417,1
1935,1
4151,1
7324,1
6191,1
6927,1
425,1
4134,1
8230,1
3056,1
6142,1
7303,1
811,1
3771,1
2804,1
8467,1
1924,1
7774,1
1178,1
7296,1
671,1
2589,1
3206,1
3761,1
736,1
2726,1
2862,1
5817,1
554,1
7933,1
3203,1
3033,1
6349,48
3785,48
130,48
2748,48
896,48
8148,48
1907,48
5225,48
1493,48
3906,48
1638,48
6319,48
444,48
3719,48
1551,48
7408,48
6378,29
831,48
7165,48
4098,48
7571,53
6494,48
7753,48
2858,48
3202,48
386,48
1558,53
6885,48
7216,48
6239,48
3243,48
1481,48
3750,48
2731,48
6161,53
5201,48
132,48
5609,48
534,48
1367,48
1581,48
7607,48
659,48
7445,48
2624,8
3557,53
7877,48
1483,53
1043,48
8731,13
8406,48
7238,48
911,48
14,48
4007,48
6685,53
6483,48
7426,48
4172,48
3318,48
3925,48
8790,48
5675,48
2799,48
6504,48
6284,13
6847,48
71,48
3879,17
7001,48
1553,48
4402,48
4678,48
7757,48
5790,48
8237,48
7300,48
4245,48
7266,48
7868,48
6683,48
1009,48
1409,48
45,48
220,48
2977,48
1775,48
1709,48
7011,48
4409,48
8632,48
6715,20
8328,48
3413,48
7409,48
7305,48
7665,48
2272,48
7112,48
8753,48
8550,29
4385,48
3717,48
2957,48
7825,48
2764,48
5831,48
2008,29
197,48
1683,48
8239,13
3714,8
448,53
8739,53
902,53
5541,53
3478,53
5149,53
2319,8
3600,53
1731,53
7817,53
1194,53
2496,53
5689,53
8187,8
8483,53
434,53
6599,53
8701,53
3060,53
4969,18
344,53
399,53
8378,53
3886,53
5191,53
7455,53
4201,53
1356,53
3076,53
2098,53
8614,53
2483,53
1904,1
4968,53
6023,53
3316,53
1119,53
235,53
5645,53
63,48
5910,48
1308,42
1171,53
918,53
4032,53
208,48
7862,53
7089,53
2734,53
2367,53
8601,53
3683,53
5270,53
2333,53
6424,53
928,53
4058,53
1300,53
1211,53
1699,53
1582,8
17,53
1372,53
487,53
5558,53
1543,53
6170,53
8590,53
3997,53
2859,53
4646,53
8604,53
8608,53
2030,53
4236,53
2738,53
3638,53
3450,53
4089,53
1604,53
4371,7
4188,3
2449,3
6288,3
1831,3
1755,3
1576,3
2034,3
2149,52
7738,3
2806,3
2233,3
8213,29
972,29
7813,7
2021,29
3853,29
333,29
938,29
7569,5
7372,8
2909,8
3180,42
3086,40
4806,52
1142,13
5708,42
7014,8
3814,8
943,32
8313,32
5471,8
584,13
1388,8
931,32
714,8
2262,32
7240,29
4538,32
6642,16
8244,32
3250,18
5260,32
7161,8
954,32
730,29
5344,32
4477,29
1104,1
7587,29
2898,13
2897,29
5622,41
1597,19
3040,8
4418,42
1787,13
4821,1
3308,12
8121,43
8474,39
1130,12
7131,1
2385,12
5016,19
8307,33
6773,19
5100,29
8403,32
1772,29
4286,12
2076,29
999,8
1336,35
824,29
1866,8
5186,41
3114,29
7430,29
982,35
2510,4
2658,16
3898,8
7388,8
474,17
1102,32
4237,4
3964,32
7619,32
7876,35
5363,13
440,39
3522,35
8621,13
1459,32
4070,29
8433,2
3594,4
563,1
5493,7
2223,32
1993,35
3405,19
5144,13
2720,29
2084,39
8646,41
4667,2
7983,40
3663,15
3528,35
5429,35
5683,29
1412,19
7495,15
3680,52
6970,35
7233,41
6322,18
5108,35
6917,35
8523,8
211,13
342,29
4720,29
6352,13
8032,40
2363,32
5049,3
7591,20
4687,29
2690,8
1278,35
5361,13
2707,35
8103,17
2282,8
352,35
8767,17
6941,18
2988,35
2054,40
7846,18
744,17
4045,18
5686,39
5836,17
5227,4
2918,42
8176,4
2630,52
6098,2
6002,35
183,5
532,4
6771,34
2871,42
3012,29
7593,41
7564,8
7582,1
2600,7
6486,32
3642,43
3596,42
3053,4
2839,31
8520,50
2260,17
2698,8
1575,42
6251,21
4095,20
7481,42
2955,20
7611,18
3682,48
5085,20
8110,40
4026,29
4388,20
4758,29
3406,17
585,48
480,7
2410,29
2943,17
5081,17
1469,1
1529,8
4848,51
6996,7
624,17
2386,7
3890,51
2390,43
7486,18
4171,51
7641,32
472,3
8298,51
7400,29
6669,51
7579,3
8647,8
553,39
4255,51
205,29
7716,18
2152,17
2912,51
958,29
4351,18
2983,32
7595,51
952,29
1058,3
3632,51
8232,18
7699,1
3324,18
4360,13
4729,20
3934,51
4079,17
3675,20
6511,51
1562,18
707,20
1163,8
3395,8
8750,17
7842,53
249,29
1896,18
3720,4
1911,18
4620,49
1134,51
8225,18
495,18
3699,17
2759,29
6728,41
1985,18
1378,17
1632,49
3368,51
401,18
1294,51
5451,42
1082,51
4794,51
8336,35
4140,7
809,51
6541,52
7977,8
5156,51
8764,4
1450,18
8417,51
5487,42
4932,19
2843,18
7888,1
5251,17
6448,39
1357,19
7782,51
5549,8
1242,19
8437,40
4343,51
5918,23
6837,51
574,23
5158,48
6994,51
985,51
2558,42
27,5
3525,18
454,20
3836,17
8636,19
4843,2
2119,51
8374,17
7525,19
6646,51
695,32
3897,3
7858,29
6703,18
2287,32
5313,3
4550,29
6936,8
1236,8
1117,51
2681,51
2162,2
368,51
6292,23
126,51
8351,3
8248,23
4420,8
2018,3
767,8
44,51
4597,19
2523,51
5743,19
8573,3
5488,23
4536,8
3471,51
4995,23
3736,3
4695,43
1971,35
4264,51
4859,23
1447,51
8455,52
3586,51
3834,23
2894,32
945,29
82,19
8414,23
6659,18
6467,23
7864,34
6976,30
950,13
6829,3
5709,51
1396,29
5425,29
8363,51
6067,12
6042,43
176,8
6323,8
2987,33
3248,8
2821,17
4892,33
7926,8
8751,17
5090,35
4153,51
2632,17
5563,51
3197,3
4001,43
1443,51
6060,48
2284,18
4923,18
7255,52
1697,53
1766,29
6842,51
6099,13
4056,43
8773,1
7057,8
5890,20
3007,29
3275,17
1821,51
4040,13
6034,1
8068,18
3850,19
5878,53
5676,51
564,8
8599,33
416,53
4382,51
4742,13
3932,29
6688,40
5287,48
4346,29
6434,51
2984,18
6529,39
6478,51
3263,40
5573,7
8064,29
6345,51
775,1
8625,32
8292,42
7995,51
2237,29
3591,40
7073,17
8663,51
5908,52
651,29
8524,10
4217,51
372,40
7623,8
6588,35
5653,51
7145,1
2183,29
1448,17
774,18
2365,49
1457,17
55,29
3772,51
6819,41
7109,42
1820,29
3290,8
1098,40
5460,8
5646,33
4312,51
187,39
5570,18
4474,18
2666,48
6130,19
200,29
4455,41
5700,1
2952,32
2058,48
3920,1
181,39
3536,1
4002,41
8571,18
7821,42
3799,17
290,39
8118,51
6971,39
7529,41
7407,13
661,18
7845,35
3660,13
8061,16
7769,29
1250,51
3823,29
4642,26
7267,8
740,51
2733,29
3892,18
6311,29
7375,52
4039,40
7295,51
8030,41
3974,21
6143,5
3139,13
8479,42
3495,52
607,17
2637,31
1630,1
2251,49
6937,8
5102,13
3027,32
8586,34
4790,31
749,13
363,29
475,41
7103,4
4585,19
1168,17
1736,4
8202,42
6113,23
5012,29
7257,41
6214,29
6765,29
5128,13
1170,29
1954,35
8563,29
1471,8
849,42
18,8
4607,19
2487,41
5515,39
6662,17
800,41
5249,18
6316,48
6816,39
3942,51
8448,13
1850,43
5288,17
4427,17
1051,41
6544,29
8259,52
1584,42
8113,13
5757,48
1858,17
6531,29
7556,1
4447,17
1306,40
8375,29
6082,48
6305,42
6639,39
1852,32
6845,42
692,17
5682,42
2397,20
6013,34
8616,20
4415,39
2055,29
5756,51
5895,42
2969,4
3087,13
3386,17
4262,48
241,42
7758,51
1922,29
802,42
6997,19
2268,29
3731,8
1870,42
1928,34
4895,20
2785,8
3760,17
3440,35
1190,32
6979,29
5,17
2305,20
4817,19
7050,26
3636,8
6370,13
2572,32
1386,29
2835,0
6710,18
4423,42
1243,42
7436,17
8607,19
1399,40
5338,48
6738,4
1649,8
5912,40
6299,8
1796,32
3443,8
3305,53
6406,21
7714,34
5513,8
6178,1
4147,8
3938,42
4285,51
7286,35
2464,8
3446,8
4243,13
3744,52
6225,40
5678,40
1515,8
1908,35
498,53
7775,35
7020,51
1769,42
929,13
7991,1
6459,41
2929,13
64,3
4181,35
280,35
1311,20
4053,1
3613,23
3989,22
2520,8
2896,29
8539,40
3391,1
2065,42
2038,53
7966,8
4389,29
8468,4
8760,53
1499,4
6256,53
1494,39
6313,29
1806,4
5860,7
7795,1
1636,8
4733,20
4521,8
7124,8
535,13
5180,13
2297,29
2384,8
1267,1
5404,32
499,35
5533,4
482,41
6265,40
694,4
5888,18
3004,39
7386,4
5940,51
2849,39
7972,18
5192,32
6426,39
6089,51
8058,8
7816,5
4048,8
4858,4
8419,13
1440,48
8423,51
2201,8
5602,7
449,51
7379,51
5329,8
6827,20
7927,51
7492,8
7559,42
5956,4
4753,8
4308,51
4173,48
7273,8
8181,8
1666,41
8506,52
2782,23
3171,35
3627,1
2813,5
4635,32
5967,37
6050,18
7152,32
4769,40
819,5
8216,8
8117,5
4358,17
7635,5
4900,8
4553,29
1626,13
484,17
2696,49
473,8
1025,52
4868,17
5788,42
4170,19
3294,17
5038,48
638,13
8795,4
4088,12
5284,4
7029,8
1248,17
908,40
1136,53
3117,23
8372,8
6462,8
2721,8
3174,17
7468,42
4210,13
4907,32
4928,16
4681,29
8415,13
3531,16
1677,40
8327,42
1252,8
544,16
5753,17
3283,13
6515,18
6610,8
643,4
6783,17
4622,12
2391,53
8250,21
8290,8
3051,4
441,7
4768,20
6162,8
2355,8
1818,7
8192,35
7231,8
2653,13
3182,41
6078,13
4515,50
4303,50
6730,29
4648,3
1871,53
1991,42
4393,17
6620,8
8644,21
5834,42
494,4
2345,17
2207,1
3791,12
6870,8
119,12
8198,42
4498,8
4410,20
2221,8
5261,34
1500,8
853,23
7804,15
5807,29
1523,4
7281,35
1335,12
8233,41
4563,16
4204,1
1959,40
8507,42
8,5
476,39
5746,34
4551,16
5410,42
3838,13
6437,8
2850,4
2338,18
3293,22
7663,29
2703,3
1363,1
3066,8
5532,13
4731,4
3188,17
6205,3
3579,17
8049,39
7308,53
6271,8
6366,8
2985,4
4325,34
3045,30
3296,8
3414,53
5592,8
5856,18
2066,51
5826,35
5087,8
4044,8
7713,41
4390,51
4781,8
6618,17
3980,51
7473,53
4948,8
5456,39
3941,16
5160,48
2816,29
6777,8
3044,41
935,23
2801,29
7293,1
4432,1
4674,26
7185,8
2240,19
772,41
3090,53
2253,17
7610,16
3907,8
5739,8
3172,8
5917,16
7745,8
6325,41
2851,35
1877,13
4869,18
5370,8
1397,16
2314,8
5945,13
6805,39
1832,53
5088,17
996,8
2493,20
3681,29
1945,8
8432,14
807,4
1788,32
2323,33
1920,4
6768,17
6475,40
3851,17
8367,53
6580,18
5385,8
8510,20
6795,8
5320,21
8033,8
1090,8
6743,20
3135,8
5331,13
350,8
2257,22
4199,42
3353,18
151,23
201,8
813,42
2328,51
8465,32
8665,29
2840,1
6693,32
6460,49
729,51
4200,17
8166,17
1187,33
6027,41
348,18
3389,17
7808,1
2377,17
6107,49
7030,48
4626,32
8003,17
6734,41
7776,17
3287,4
1541,8
2091,4
816,4
6472,1
3668,42
4717,17
4356,32
4570,23
5258,42
29,1
5534,1
4209,18
5474,35
7879,8
8257,17
3438,35
1594,8
5233,53
7957,42
6353,8
8037,12
4091,51
105,8
4632,8
6935,33
1087,4
8652,8
2594,33
3658,32
4207,33
48,8
3576,8
5145,33
1642,8
4795,8
3648,32
1341,33
3722,13
4043,8
6969,33
2339,4
4812,4
3258,8
8172,41
3962,51
3183,4
1283,41
981,41
3236,40
7153,4
3211,33
281,1
8059,29
672,29
198,34
2023,8
7284,13
5033,41
1571,33
6918,42
3949,4
4833,1
2212,8
5106,33
2919,8
7313,8
1720,1
1017,8
4557,13
5099,8
7456,4
4011,8
8085,12
6421,18
3543,33
3260,39
3331,8
5086,48
7951,41
1561,33
680,8
1342,3
5136,35
3857,33
1046,4
5941,49
2588,33
8631,32
2783,42
750,41
1429,8
3817,33
2001,4
558,8
5714,33
6887,29
8444,35
1696,33
2715,32
6435,12
4962,35
4435,29
7673,33
3099,41
4266,33
8111,8
4340,8
219,39
2105,33
7115,29
5053,35
2517,48
8281,48
1739,32
1253,8
7442,53
6174,33
8062,13
3617,48
79,33
5116,8
7568,7
3911,34
7632,8
971,41
4583,12
3029,8
4219,48
6236,41
4143,33
5604,18
7871,33
8185,18
5887,33
7644,4
3855,53
922,8
7683,22
7764,8
109,33
1538,39
7647,48
5905,33
2744,17
1347,32
6518,33
871,13
8056,33
5994,29
4679,8
7727,22
6959,43
423,17
8778,52
3727,33
376,19
1578,5
5498,22
4567,33
7362,5
6643,33
2758,20
8076,52
6249,22
4009,48
6707,32
7639,22
1886,5
5639,33
1602,52
7268,43
745,5
5262,33
357,13
6622,5
5465,12
189,15
7770,4
577,12
3551,18
1287,41
2635,42
5503,42
7920,12
3300,48
4323,8
7200,12
2150,42
3977,33
2560,29
2059,43
1836,30
4610,4
6502,16
1966,29
2718,13
4608,42
4090,33
850,42
3724,13
2865,42
1882,33
4003,40
384,32
2334,52
1032,33
8262,42
7052,42
2606,52
5235,22
7329,53
6307,32
2381,13
5336,22
2549,5
5867,42
2135,13
1671,22
2825,42
8430,52
2118,48
2937,18
5554,17
6358,33
7890,42
2778,52
1663,51
1422,52
217,17
3703,48
6820,52
7628,49
2336,42
2532,52
8397,32
7548,8
6496,13
1126,13
6310,17
7061,22
3766,52
3753,13
1217,4
1946,33
7637,5
7915,41
3341,33
6741,52
6895,7
2795,40
5692,42
6122,8
3334,52
8638,22
5462,48
1685,22
963,40
1828,4
6521,8
6522,48
262,20
2444,33
3078,52
2776,13
395,13
1360,12
2555,51
1076,15
96,8
2037,12
2752,51
3108,33
5457,8
6711,52
1230,12
3120,8
303,39
8639,35
7090,33
3732,52
1383,51
2634,12
1263,15
6384,5
283,22
679,51
1545,15
3945,8
997,33
6474,52
7936,33
3428,52
1323,51
4713,13
7669,33
6516,52
5785,51
7361,4
1379,52
3927,33
605,50
1449,43
6004,52
7652,35
8526,12
2027,18
2181,8
4510,48
8551,52
4976,33
5409,7
6755,52
2682,22
2154,52
3319,17
2396,52
8500,52
4504,22
6594,8
3465,53
6464,52
5535,12
6488,41
2675,4
6724,13
834,22
4120,4
8587,23
7431,33
992,52
2928,51
4589,4
6924,12
330,4
7045,12
365,4
6049,51
8345,12
6797,52
7767,4
5704,1
4000,12
7833,52
3786,4
7360,12
4064,5
3998,39
7463,17
4326,12
726,51
5777,16
2052,15
2228,12
5506,40
4424,1
8271,12
1605,15
3326,40
5170,12
8260,8
2961,22
4594,17
1563,15
5702,12
8245,4
2125,23
114,15
2659,12
1651,23
5124,12
8677,4
3656,3
8518,15
2497,41
1387,29
5509,12
5875,52
465,5
5965,41
4776,22
3870,42
4469,51
5017,15
8337,18
8004,35
2590,52
5438,12
2217,25
8714,52
1432,49
4856,15
5954,12
797,41
2543,51
8104,20
2931,12
2426,51
85,20
6609,3
4836,12
3644,15
1780,51
2442,12
5245,42
1151,12
4206,40
2905,12
8476,3
5000,1
8106,12
7705,23
704,16
6981,12
599,12
4370,32
2274,12
7567,1
4251,12
3067,8
276,23
8454,12
4916,32
830,12
6849,33
7024,4
5621,12
5416,23
3179,4
4485,3
8013,12
124,23
13,22
4259,8
7246,18
728,25
5512,33
8704,41
328,12
2434,51
8306,12
5440,51
4383,13
6327,3
7749,13
4015,8
3069,33
4797,1
6062,43
6991,12
7077,17
6360,43
4037,12
7996,42
8542,43
7503,12
4311,18
1044,34
5202,33
7223,39
3168,34
67,12
3080,16
1296,16
8666,21
410,12
3953,4
7198,21
8018,33
4218,21
7743,49
666,42
7533,1
1846,22
3370,42
6158,35
6285,8
6556,33
6826,1
509,29
4947,40
3637,33
5279,31
1451,12
7822,42
5705,1
1140,35
5304,12
91,12
2431,12
6990,4
1042,13
2306,40
7217,33
1004,21
2904,34
542,34
1876,41
6808,8
39,34
825,17
6354,41
1786,34
3626,12
66,4
6565,12
1540,8
6832,17
1883,1
550,15
3928,49
7058,4
5430,18
6985,13
3453,13
7956,39
7080,22
7702,35
19,42
6329,19
6629,40
1737,33
1628,42
7151,4
4121,12
3778,17
4183,12
7458,12
3955,4
40,12
4272,12
6047,35
1633,12
7881,4
6535,41
503,12
346,12
5196,39
453,20
2531,12
2349,8
6184,33
4348,34
5028,18
6681,12
2536,1
3118,8
2500,12
2654,8
7629,42
7323,18
5355,49
6452,48
3701,17
3514,12
2886,12
2478,12
7906,29
588,35
7204,22
8150,48
3132,35
3740,48
2872,35
4215,34
3110,48
4986,35
1995,33
2451,48
5337,41
8549,33
1070,23
5020,12
4877,13
4631,40
5094,12
6942,34
4067,12
8170,21
7575,8
5226,22
1983,8
5998,48
1259,35
8356,4
242,12
8084,17
8594,48
4657,12
1284,4
6584,48
3173,12
5339,4
4331,53
7193,49
2619,13
2340,40
6774,12
7048,8
4959,48
1761,12
4789,1
3419,12
1996,16
1305,33
2049,8
316,35
2288,12
2144,12
5266,19
5492,12
6880,22
794,35
576,8
7110,33
4195,33
2351,39
3811,13
3759,42
6945,33
8746,34
635,35
3380,3
6379,33
8566,4
492,22
6723,34
4552,25
164,34
385,8
5224,22
1711,33
7551,23
7703,34
4615,34
2200,34
8741,12
1478,48
1921,34
4373,33
2956,13
3854,48
1433,11
3335,35
6571,35
1789,34
6008,1
3348,33
3813,49
5237,34
2934,33
5971,13
1438,21
3649,33
3431,4
8402,48
5950,33
4027,39
173,4
3580,39
5703,33
7100,21
846,29
5928,39
4528,12
4780,48
3094,23
7205,34
2930,51
3634,20
1913,42
6947,17
1845,48
6248,12
732,21
3589,35
6334,22
1152,15
5400,12
8175,1
653,49
6775,22
1268,8
3055,48
7814,22
5822,20
8288,33
6532,35
962,18
2901,7
713,16
3899,15
2996,49
2004,7
1910,31
6250,40
7275,49
3895,33
7943,48
2398,33
6576,1
6104,23
7800,12
60,12
4168,40
5101,33
5123,33
7004,22
5018,35
3601,12
3487,8
2068,12
6473,33
964,13
5659,12
4730,35
2189,32
7005,33
3039,35
2646,49
7712,18
5776,4
762,12
7133,49
127,33
6165,32
4575,25
4802,12
8053,34
6131,35
6232,33
3317,49
2609,1
5417,12
4304,20
956,33
5789,8
1444,1
5265,12
1454,4
2079,8
1403,22
6517,52
522,29
3765,52
7346,1
882,12
54,4
4426,12
2737,13
3358,19
4890,17
637,12
5077,13
4886,12
852,48
8698,12
253,1
592,8
8637,12
8679,41
7518,12
5808,34
5759,4
5309,8
1133,12
4267,48
502,18
4862,12
4352,1
3908,17
3621,4
8742,19
8252,12
4661,48
7081,16
6906,12
1730,35
8682,48
1021,12
3633,35
3036,51
5206,12
7095,35
2168,12
4444,51
7144,22
4284,34
7688,20
6412,33
8247,13
7657,35
1328,12
8381,12
3917,35
1466,12
154,13
6914,12
5190,35
6649,48
6231,12
2010,40
5582,13
2771,12
190,8
5716,23
7630,48
4930,9
1036,12
1467,4
7374,42
3940,1
2657,33
7882,48
2739,35
1740,12
3833,4
3486,35
6024,12
1202,13
2814,42
2298,17
177,12
3037,4
7127,17
7549,35
4239,12
7931,8
7650,42
520,12
4361,18
620,48
5879,12
4277,4
3825,32
1860,12
8325,53
4333,1
3126,12
854,29
3539,12
7563,4
5210,33
7156,4
5898,23
7196,33
7935,48
6955,33
608,4
8001,8
4591,33
5468,13
1888,32
6543,33
7402,48
5579,29
6611,33
1941,34
6369,4
6824,19
2910,22
6560,32
1037,35
3903,33
7912,12
2465,35
8394,34
5925,48
6317,12
5247,29
3798,40
2884,33
7728,41
3035,48
1944,32
5062,4
556,32
8490,33
2944,35
6879,34
3071,33
1298,16
3147,12
1028,34
4008,48
1024,32
3400,12
3374,16
3218,49
5112,32
7709,18
1891,48
6568,22
4953,21
5741,18
4749,32
4866,18
5154,4
6481,49
796,49
268,49
2313,13
8382,33
4592,32
5305,7
7976,13
278,1
3629,35
610,18
4103,12
2362,32
1834,48
5915,34
5575,12
8705,32
7581,13
2277,17
655,8
8708,32
7750,17
4723,48
6579,16
6640,42
6101,33
5726,7
5318,32
1065,12
7350,42
7828,18
8593,49
3577,12
5516,32
6436,34
7679,12
5715,7
6346,32
1770,19
3061,32
5977,48
142,32
1909,12
2601,23
602,13
2325,12
2211,32
3963,23
1897,18
3477,32
2488,33
8330,13
1542,32
3282,12
1041,13
4315,32
5786,12
2900,13
828,33
116,32
8329,13
5132,0
6638,12
4652,41
5724,13
8766,17
5310,33
6208,13
5500,29
462,22
6043,13
6835,29
663,12
6297,13
7636,29
2259,33
6651,12
2745,32
4431,35
1567,4
275,32
7590,13
2788,12
438,1
74,8
3310,32
8005,12
8656,40
5276,18
3224,40
3475,33
5373,4
5319,32
1746,4
7181,12
6149,32
5155,42
6280,49
1615,32
2616,40
6603,12
6760,53
6869,32
8017,12
5396,13
221,40
2607,39
2309,40
6977,22
180,42
6731,8
1030,40
6341,49
5650,18
3590,1
86,48
4425,41
2508,22
5601,1
2041,35
6439,29
8446,18
5485,8
2667,1
4616,39
7733,1
3515,12
3309,35
5133,20
8451,53
1417,8
7194,22
5216,8
5194,18
696,51
7526,3
1763,1
1940,18
6402,1
5029,53
4577,12
3145,4
433,49
6479,22
2528,20
3379,39
682,2
7140,12
1247,39
6836,49
2891,33
6344,17
3810,35
2889,33
6419,20
8707,42
7616,20
6048,40
5414,33
2774,53
2364,12
3492,42
7919,49
6072,3
8238,51
2204,22
5693,17
720,39
4545,53
2525,51
6497,51
1718,13
7771,32
8440,23
1220,8
8251,49
313,22
815,48
1673,39
8502,50
7506,12
2229,29
6152,4
4874,50
6756,12
4931,1
530,12
7053,4
6745,1
7315,13
2112,1
5574,29
125,8
5325,33
7670,4
4773,16
4363,42
3233,4
169,13
4894,12
7367,4
8617,4
5550,12
3382,8
277,4
4247,8
4174,22
4745,4
6068,20
7039,12
6055,13
6134,4
1600,33
6787,8
536,13
228,4
4017,12
7704,48
5568,1
2141,33
4496,20
3737,35
4517,12
7282,4
3905,1
3116,1
8591,17
7949,17
3384,18
6498,17
6361,17
5632,49
8730,18
3581,17
101,17
1570,12
8008,13
7570,17
5432,17
4335,1
2222,12
7290,17
5893,17
2965,33
3093,18
5300,48
4324,42
3091,12
3558,18
8146,8
1068,17
6674,34
6189,18
4752,1
49,17
8722,22
3809,17
61,28
8568,8
539,12
2276,17
3806,18
3900,1
3978,33
6069,42
7812,18
771,12
1056,17
8546,17
1338,48
7693,12
2352,17
2080,48
741,49
1182,8
1808,49
8048,16
7818,51
1011,12
5960,17
8602,51
107,53
1143,1
5078,17
8396,29
5104,33
2753,51
7304,35
4281,1
2099,12
631,51
5638,41
582,40
5734,29
2786,39
4779,49
7288,33
191,1
4084,12
5490,33
967,1
8073,12
2992,41
6866,29
123,5
1778,12
3844,7
8365,35
4534,33
6748,7
3273,35
527,7
3167,33
5352,33
324,33
6666,34
2991,7
3816,12
7228,32
6709,12
5919,33
2033,21
7653,18
4876,29
4449,41
3123,12
7784,1
555,42
6587,18
5198,7
8302,12
2958,1
8427,39
7698,12
2569,13
6606,1
883,7
2747,22
483,12
2945,48
1201,49
2473,12
3111,48
5065,17
4220,48
2948,12
5889,22
8100,8
5862,18
5131,48
1404,18
6890,12
6190,48
1411,4
6477,22
7143,17
5324,7
7985,1
58,12
7391,48
3541,49
3150,25
6385,12
948,48
6972,42
310,48
4987,48
8027,41
2932,20
611,48
3165,12
5146,52
4596,13
1053,12
1613,42
551,12
4167,50
725,48
4471,33
1014,50
8537,13
2818,12
7969,48
4746,18
7541,13
2025,12
1208,48
980,50
7934,3
1987,12
5057,29
7285,51
6807,33
1261,15
803,53
6427,40
2854,48
3585,35
4767,48
212,33
6294,35
8716,48
4299,13
4502,12
6224,40
6442,53
1583,12
7419,33
6798,12
5021,53
6269,40
4189,12
5663,12
5340,53
2822,34
1684,18
1144,17
5253,3
1875,49
5323,34
213,22
2236,3
781,48
812,40
5130,34
4871,3
2846,1
1754,40
7838,12
1177,3
7853,13
2101,1
59,34
8578,3
8141,22
8249,12
7854,34
1516,3
1748,53
925,3
7351,41
4114,31
3608,3
569,34
294,18
6318,40
4020,3
1344,18
214,35
7023,13
7132,3
6410,12
1265,40
4529,51
3741,8
8469,33
6343,40
8676,17
3852,7
2974,33
3011,40
8447,13
6128,8
4180,33
320,29
4404,40
5815,12
7432,29
1166,34
2104,40
8144,8
3700,35
5748,8
6389,33
7210,8
4611,29
5231,33
4273,42
525,8
6514,18
4242,26
664,3
6129,13
5640,1
2048,33
2213,8
1899,31
1526,52
2310,12
3622,8
7783,1
1637,22
8039,8
5518,4
3134,12
3452,51
1413,4
3354,34
1075,13
4684,4
5290,8
7511,18
1701,8
6120,39
5381,18
6209,18
1942,8
5185,12
1707,32
746,18
7449,23
1652,0
4150,51
3402,48
836,33
7950,8
8096,13
6373,8
5508,12
4494,8
3712,8
2428,32
5441,12
1010,49
4918,32
3256,8
4879,51
5469,12
1071,8
5214,17
5699,1
7544,12
5285,4
1765,12
7785,4
463,8
8723,12
1764,12
7382,13
8615,8
7844,12
735,4
8627,13
8295,8
6720,12
7485,4
976,51
8504,13
4327,8
6678,12
3247,8
2132,22
8804,4
8275,8
4546,12
5348,48
5677,12
1183,8
5360,1
8478,12
5936,8
1073,19
575,8
804,33
8193,8
7869,18
7907,1
7837,33
292,8
5861,19
3783,18
7158,8
2501,33
3451,18
4566,49
2073,8
3304,31
5294,41
5467,12
2196,26
5114,18
1887,53
1723,33
1329,52
1687,18
6939,8
3482,40
6547,51
4238,8
1627,48
3302,52
3567,12
6862,52
2803,33
872,35
1537,1
5844,22
8343,52
3845,33
2982,35
2308,52
1282,33
391,15
4336,33
1854,33
4855,51
3948,35
4533,52
1807,48
3058,12
3690,18
6612,34
7097,13
2867,33
808,33
7793,8
7068,29
7680,34
6813,12
2638,20
5742,49
307,4
3494,32
988,8
4520,4
783,12
1869,32
7345,8
7038,33
1653,16
3967,52
5307,12
153,4
7558,34
1717,48
4440,29
6839,29
842,12
4775,51
3725,41
4799,12
8057,4
7519,8
115,33
1606,18
3654,12
469,3
1225,8
3884,12
547,1
3447,7
786,35
8781,17
1158,39
6763,12
4576,33
7197,17
8748,52
1419,41
4313,32
92,1
4952,12
6507,32
6916,39
6919,40
3762,4
3481,39
6195,51
2798,51
4216,8
3461,33
2357,32
3685,19
6031,32
5886,29
6213,42
3043,42
5015,12
4184,32
1509,42
6806,48
3097,20
4038,22
1650,42
3292,48
566,12
4759,42
7105,8
1814,51
8321,19
1599,22
839,42
5762,19
5982,22
8473,29
7706,17
1639,41
1976,22
426,1
6903,8
6525,12
5446,17
1156,4
1532,39
6920,12
6217,4
3790,51
4448,1
4625,1
4884,33
3910,12
4984,8
7554,29
7471,42
2966,12
1332,18
2942,23
4860,12
8266,8
712,33
7530,53
6883,8
3542,18
7032,12
4777,18
8561,12
5030,23
8189,1
961,12
2086,51
2331,8
4629,49
3659,35
572,8
851,32
3393,51
4864,8
6061,12
2330,51
6261,12
7498,51
5761,22
358,40
3787,17
5600,4
1371,22
6615,1
6226,8
3965,41
1286,12
4475,8
4762,8
8136,41
7259,42
907,33
5382,8
1456,39
3716,48
5804,13
8383,8
7055,51
4512,13
2504,12
1324,42
3048,5
8025,33
6041,40
3385,14
3152,41
4450,32
2187,35
1979,1
2158,19
8156,48
3215,1
3175,33
4495,8
4319,41
5346,51
4487,29
8199,8
1195,12
7179,17
6902,51
1881,1
3875,33
2242,1
1164,1
5004,1
6759,34
5674,17
5334,8
1539,33
2064,4
1333,4
817,48
2359,8
715,42
8634,33
5246,53
5027,4
4506,1
3830,33
7508,5
8305,1
4289,33
6953,7
8294,4
7381,33
3599,1
4342,8
5969,1
8662,17
5825,41
6590,12
1012,7
2868,33
6150,29
4295,16
5927,16
5426,5
2140,33
8409,4
393,8
7810,12
5240,20
78,4
5896,18
4369,42
7385,35
1726,8
8161,12
2011,20
2103,17
5760,1
3721,18
6744,51
4021,23
6252,34
2686,23
6706,1
3775,12
5624,8
6952,8
2527,12
4408,8
6135,12
1029,35
549,4
8399,12
4872,16
5046,4
37,12
3064,18
5127,16
2668,4
6490,12
5393,4
4955,20
4700,41
1092,12
479,23
145,4
4654,8
5943,41
2640,12
319,4
8167,8
8098,16
5347,12
3057,51
3818,12
2296,4
3,8
2939,12
4086,49
5966,1
5697,17
8688,12
7832,8
3003,8
4609,1
7438,12
5204,16
2157,19
2452,16
6425,12
5537,29
6564,51
3493,12
1725,16
645,8
8028,8
5868,12
236,30
7830,23
8324,1
279,12
7798,2
7898,53
4430,29
710,13
2093,13
5376,12
5824,18
5951,12
6160,42
4149,41
6244,34
3664,50
1779,8
3286,5
3950,12
3328,41
1585,33
188,35
5187,34
4547,34
7271,19
6084,19
8050,20
7974,12
8309,18
1210,39
2626,33
1833,8
1472,20
2978,42
1593,8
6871,12
7667,40
6077,1
7514,18
4737,12
1762,29
7270,1
8029,40
8158,29
327,8
8425,4
1295,42
6240,12
4081,48
108,34
2994,33
6781,4
795,35
390,35
8217,4
6566,1
3222,13
7190,22
8089,8
906,22
148,49
6365,33
6301,12
4724,22
6537,1
1434,40
8527,12
6242,5
589,1
1273,34
7942,4
4760,33
5359,16
761,41
2817,13
8044,12
5737,33
1589,19
7655,42
4719,12
6747,32
1085,4
7079,40
6672,12
4617,18
6185,29
1424,13
1114,22
1366,17
1700,13
8475,13
6633,12
3876,32
4052,50
8768,48
1426,4
3437,12
2842,4
5797,19
3034,13
2691,12
3095,42
6223,13
5178,12
1381,42
5299,12
903,13
3517,17
8143,12
5009,42
8675,3
1923,8
3148,8
5091,33
4523,51
8776,12
7188,21
5793,12
3047,13
6698,13
421,12
779,8
3691,40
6954,41
2248,12
8592,32
6010,53
2378,12
3562,13
6461,22
2998,4
6654,4
305,22
6025,17
7253,15
8728,22
4888,42
6891,39
8531,22
4156,29
7451,4
2085,20
3883,12
2425,11
5306,40
7092,51
2906,33
4819,1
6984,17
2231,32
6038,22
6850,43
5798,52
110,13
1774,34
8709,15
254,48
8758,4
821,33
7594,3
2860,51
8697,4
2574,22
968,32
429,1
32,42
1973,41
4754,8
3713,51
8346,41
1223,12
2614,41
2061,35
5899,18
2775,53
7433,52
4139,29
3240,33
7900,4
5175,35
2888,29
3598,12
5630,19
3569,48
3935,41
2611,33
5938,21
507,13
3339,41
4486,12
5259,13
2714,42
5669,12
2457,8
7499,39
5502,22
7025,51
2269,1
2255,35
2936,41
3767,19
4306,52
88,4
5036,12
3547,7
4980,1
1794,35
4640,49
2419,12
7393,1
1844,4
7172,12
7517,8
7107,41
248,50
2454,17
7446,18
7840,12
406,51
5126,4
8016,17
1072,33
2845,42
3390,33
6320,33
5308,41
6788,12
1276,17
3652,8
4235,32
8805,33
5880,20
5022,33
868,20
8683,17
1272,18
7596,32
2968,33
2057,13
3864,33
7901,29
8782,10
3190,33
5496,8
5143,20
3159,51
5655,13
7166,1
8268,12
2186,49
4675,13
3121,17
1544,33
4439,53
7000,13
4935,33
8421,3
3653,33
8322,4
540,13
884,33
7651,8
4908,51
3999,12
5876,53
2389,4
936,20
3359,22
2755,4
8130,42
2677,20
7994,22
4377,20
3181,33
8514,4
5139,51
2343,13
6596,12
6016,4
2625,49
2036,20
8512,34
8684,4
1878,41
6794,17
3131,12
1185,4
965,40
4683,42
4537,12
3484,4
5205,12
506,5
7605,13
4901,12
8368,41
273,49
6274,12
7731,0
4097,4
3264,41
4917,12
4933,40
3151,18
6188,42
3101,12
2380,53
3605,18
4606,53
706,18
156,12
673,18
3155,4
2344,18
1218,41
7229,48
3689,18
1621,12
1525,51
1301,51
7484,12
4829,40
7126,16
3781,18
297,1
237,41
2751,32
6000,22
6838,17
5434,13
1898,41
7342,13
1795,12
7515,48
6257,8
12,12
8297,52
4480,8
6528,33
8273,42
2563,4
8125,8
1229,51
4211,19
3266,41
3259,12
6171,42
7625,13
6286,1
6671,33
146,48
6081,35
4614,16
2578,35
1047,35
7724,18
4574,17
1179,12
3267,19
6757,11
7146,1
8300,12
5519,39
46,12
6857,35
5923,5
8317,18
5551,41
5536,8
7573,5
2368,8
7399,35
873,32
7108,52
4559,18
3030,13
5024,40
932,8
4309,32
5845,40
2512,14
3692,32
6653,52
5152,8
2796,8
2628,4
1400,29
5386,17
951,17
1867,8
394,1
3241,4
3693,35
3914,4
3363,8
6931,35
3535,4
2226,52
5720,41
7584,48
6956,39
1488,8
8685,40
4341,17
697,4
8772,8
5695,42
8470,8
6802,8
5564,20
2540,8
5390,52
7380,41
4421,20
3209,4
1497,4
4880,4
5865,8
4278,7
291,52
7792,13
3540,35
3584,4
4770,52
7973,51
4379,40
6357,17
6865,8
1103,35
2580,5
2372,17
4791,40
1713,15
400,18
7411,35
6139,40
1376,41
4967,53
6998,35
1169,13
4765,40
787,8
8583,35
7365,13
5342,35
2749,52
7476,35
8254,29
4554,40
533,0
5040,42
258,15
2039,40
5872,35
147,34
4232,16
1793,29
1091,35
300,41
8777,0
15,42
1635,35
2802,41
2138,52
5422,35
2198,48
7310,13
3336,35
978,8
3238,42
7640,20
1679,16
3640,35
23,13
11,10
8067,35
6904,4
5718,17
7002,13
4699,40
8274,51
5687,35
3885,8
6326,17
719,8
7128,35
7676,4
5596,18
7924,4
3901,41
5343,4
1752,4
6154,8
3196,8
6028,12
3189,26
5809,12
6999,4
6332,4
1131,35
2671,12
6186,8
6790,4
3001,40
5792,9
93,41
5209,4
6355,32
3191,41
8369,4
8339,12
2847,8
2960,12
4938,4
4565,1
3436,12
3231,4
8264,8
2166,12
1598,1
3665,41
4909,1
5906,3
7734,12
6840,8
8124,18
5884,51
1027,40
3298,33
5920,4
7545,17
1312,13
880,23
4300,12
6694,52
2241,1
5045,13
6631,12
6247,52
2210,20
2411,12
6800,23
3641,35
2656,8
1382,17
4951,12
4966,5
4748,18
5591,40
2315,33
7963,39
6823,18
7627,4
8740,12
6105,24
175,8
1138,12
7046,32
2031,4
4727,8
7748,22
3592,17
6137,13
7989,39
840,22
471,4
309,15
8162,52
5850,33
4179,40
4627,17
905,48
1654,17
1934,17
7872,33
752,16
2022,8
4,42
2379,33
892,13
332,32
10,17
6570,4
2542,32
7917,1
8610,32
2244,33
2716,13
1196,16
2746,10
2153,1
5213,29
6003,33
689,52
5629,32
7028,41
5357,22
2094,32
3673,51
2252,33
747,51
6331,8
1428,8
6656,22
1430,39
3166,29
2341,22
4649,8
4141,4
5250,22
5988,8
6400,8
2403,1
2032,51
5957,8
528,33
8006,41
3281,8
860,22
7244,51
7067,17
5778,12
1124,29
4307,51
6234,1
2893,33
5774,51
2568,52
2820,1
3312,34
1197,34
4240,51
940,17
4882,13
3992,33
2232,18
5212,1
1484,33
4940,8
894,33
3615,13
4778,1
4213,53
1534,33
1349,25
4208,1
2133,41
6245,8
7006,4
7642,52
8009,1
1727,8
7622,42
2585,1
573,13
2683,51
4461,4
3221,13
6876,42
3177,17
6690,31
225,42
8196,41
6616,15
5228,41
3646,41
446,1
8613,15
7791,31
6661,29
2063,8
6636,42
7513,1
4750,8
1165,30
5315,15
4943,20
4549,16
2694,4
7245,17
1577,8
7968,1
4600,18
7322,13
5103,16
2689,29
6492,13
5544,1
7224,16
5643,29
2917,20
5566,1
4115,16
5069,29
595,20
6912,1
639,16
1894,42
6746,42
1574,1
3490,16
1503,32
6413,23
8094,8
8648,16
529,17
742,8
2679,3
2946,16
4246,29
402,32
6974,32
4271,3
5929,8
8785,4
1271,8
2777,1
6732,17
2407,16
3422,8
1496,17
7147,18
6501,42
658,34
2883,48
6873,17
646,1
8376,16
2805,42
8311,17
4108,32
1803,23
7213,29
5327,4
625,1
6124,16
8612,35
3198,42
6506,35
1479,42
1743,1
6466,16
8525,8
4712,42
1861,20
1749,35
6968,29
4080,35
3103,16
1125,17
6607,32
7701,18
1031,16
6509,4
5691,42
8128,42
3075,4
2551,4
3313,13
117,32
2989,4
7269,4
4123,4
6456,4
2877,13
4613,29
6381,8
2089,4
603,13
753,8
8083,4
2644,29
6235,29
7328,20
8151,4
263,29
7354,4
16,48
5882,4
4411,32
5795,13
2182,18
5934,29
3926,17
634,52
4391,4
760,32
2612,32
4664,8
8019,4
8515,4
2429,18
6443,29
4416,17
2770,17
6097,29
7339,18
4556,13
6675,29
2841,29
5243,17
5823,29
2092,35
6878,17
7208,13
7043,40
8157,29
5688,1
8687,13
7276,40
3485,17
6894,13
6495,20
5863,29
7852,18
7849,13
2206,52
4656,41
1994,13
1965,1
417,51
8207,41
8211,13
4366,18
7649,29
2593,41
2518,8
3922,8
3351,51
1800,19
5067,41
4831,29
1052,26
8774,39
3396,1
2660,34
559,4
7264,17
734,8
4761,5
5054,42
7648,41
1018,42
1485,41
5236,41
4082,23
4835,1
7422,23
6293,32
8717,53
1083,41
995,4
1237,29
4998,41
3068,8
5289,42
466,29
7117,18
6415,34
5272,8
4106,41
656,1
5110,49
6367,41
1681,48
269,29
8341,8
869,51
2332,48
8557,8
6962,18
6868,51
3923,48
4963,17
5754,51
240,8
8600,15
167,51
7824,48
3257,18
4364,49
4541,51
3128,49
6375,42
6340,40
2392,41
5933,32
2169,13
1885,51
8160,22
2422,25
3216,51
5523,16
5257,34
7711,48
2815,34
6727,51
7174,51
612,32
7801,18
152,39
8477,23
6295,13
8726,25
150,22
7439,51
3122,23
5380,42
1824,33
7106,15
7534,13
1702,25
5963,4
2416,16
4973,39
6608,1
6246,18
5766,13
4676,13
7352,29
7905,13
2697,20
6699,41
7576,1
843,40
3512,42
6804,25
8190,4
5296,40
6899,1
2440,25
5614,4
6770,40
6785,50
7278,4
8137,13
6753,32
3496,41
2467,13
7722,32
4146,42
3824,18
8556,29
2056,51
6121,41
7739,32
30,42
5767,1
2754,29
5408,29
5883,4
5989,13
6624,13
7060,8
5637,25
4033,20
4330,52
898,41
259,40
6943,21
4068,39
7450,19
859,39
436,48
864,40
1192,42
7062,5
3366,19
5696,18
2790,39
7078,4
5317,8
2329,50
3344,39
6136,8
8715,8
243,32
2629,8
227,49
4990,18
919,8
3049,4
353,4
7990,1
7076,1
1695,3
1235,16
4041,32
3718,17
7414,35
8074,17
1873,1
7992,39
7562,17
8214,29
8340,1
7899,32
699,18
4840,8
6450,1
5351,49
3739,17
1127,32
4148,1
4560,51
1274,18
6422,32
318,1
6735,51
8552,42
1519,1
4488,51
6453,51
4708,32
616,1
1260,29
690,1
4436,17
1647,12
3133,13
1686,8
2387,19
1420,40
2115,4
2652,53
3645,13
5452,4
2553,42
8664,23
3804,1
4468,42
1066,8
4744,52
1936,1
7075,4
8471,16
8206,18
7184,18
5571,17
6046,1
7111,53
7487,41
1302,1
8668,41
3184,20
7462,41
4915,18
7895,13
7493,1
6925,4
7496,13
521,1
8733,13
674,1
129,32
6761,1
5271,32
973,51
2515,1
5727,1
1026,20
2174,17
2109,42
2461,41
1629,41
8702,53
4949,13
5157,17
5445,1
4586,29
2289,51
3498,8
7715,1
6039,49
7311,4
6173,1
8031,18
2740,51
4997,1
4354,8
6233,13
1463,1
6572,51
2096,13
7970,1
3073,1
6080,17
7347,18
1120,18
3552,19
4258,13
5135,1
2148,23
2494,29
6923,1
7359,8
6520,20
8460,1
6910,32
4691,29
3995,20
5125,42
244,8
5268,1
560,49
4083,1
1691,39
1375,13
3228,1
3229,17
2146,20
2875,34
1362,18
5229,41
7241,51
2446,1
3570,35
8075,41
8459,3
4911,1
2792,18
504,41
1644,19
2139,1
2583,13
6020,4
1587,8
2537,3
6739,4
1145,1
8534,42
8680,13
5023,1
7363,17
138,13
5611,1
1840,8
3545,41
8041,1
5031,39
6372,25
8489,39
4334,13
5188,1
5007,29
3871,41
4030,1
2134,18
3378,50
2235,13
367,32
2361,18
5577,32
7827,4
4925,41
6229,12
5932,41
6822,1
202,49
5419,4
1607,5
5973,13
4792,8
733,3
5389,8
1507,1
6513,8
5562,8
1721,42
913,8
5854,8
5944,11
4793,8
3973,4
2433,4
4229,42
895,34
8429,52
4456,4
443,35
3735,8
3773,8
5182,19
2925,35
5751,17
3612,8
8370,4
6001,31
6417,8
7104,8
287,4
6776,4
8145,8
2516,4
7604,3
8209,8
1256,1
5402,15
1148,41
2645,21
226,17
7986,41
5651,17
3059,17
516,23
7012,1
4906,20
6333,52
5962,17
4825,39
6199,8
306,41
2581,32
411,2
4376,51
5050,41
3704,35
2014,8
8293,23
2810,51
6253,8
6328,8
8400,32
6898,35
1760,19
5842,52
2019,7
2591,17
1662,34
6766,8
4132,35
6133,13
3520,21
4535,8
5635,41
677,16
5481,8
6138,42
5463,8
5326,16
8761,8
7444,39
4422,35
2641,8
5254,32
8669,1
7401,42
4472,21
4950,25
1782,17
8544,40
69,17
6414,42
3129,53
4433,17
657,42
5765,42
3468,41
4138,32
3352,17
6500,42
3306,17
7904,40
4977,13
1937,42
1949,4
4092,29
4834,42
1851,41
937,21
7212,21
264,42
7885,35
4944,42
7421,25
3154,42
7291,4
7848,4
337,42
2874,41
613,35
377,41
676,25
3902,34
5738,41
3868,42
6712,8
4726,17
6030,41
3526,34
5803,1
192,4
1857,40
1264,8
4964,15
2111,51
3127,40
1207,13
6278,19
5740,35
5642,18
5117,13
7612,17
7332,35
2437,8
1150,48
6874,41
404,1
6561,51
1618,34
4961,33
5111,3
2195,1
1609,41
606,40
1812,49
4808,8
5841,13
5959,48
2165,4
6621,49
251,39
3143,40
647,4
548,41
8355,35
4847,49
2831,40
467,41
4893,39
2062,52
7427,8
1817,49
2582,48
8240,8
2521,41
4428,29
6127,4
8695,48
2453,41
7539,29
885,53
5811,41
1435,32
2902,41
1172,42
7618,41
650,8
5379,41
6600,18
3747,32
1929,33
1668,41
6814,35
4732,41
6503,32
4736,12
8389,35
3623,41
2455,20
8063,13
4133,42
5616,33
3969,32
7823,41
8253,33
113,32
4662,22
270,32
3856,41
870,4
3550,8
7312,35
6667,41
756,10
4012,15
975,8
5968,16
5749,40
1568,18
1512,35
915,17
2577,13
6117,35
4820,40
4996,26
392,18
1533,8
2605,29
3119,23
626,48
345,4
5913,12
3070,13
6396,35
4766,7
1240,42
1491,4
6791,1
5800,7
3394,7
1955,35
4162,17
5958,49
5365,1
2684,17
1251,1
7886,1
6181,34
2051,41
6782,13
4588,40
6519,1
8700,34
1504,4
388,42
5166,1
2631,4
7370,34
2793,16
1892,8
1783,32
3083,34
3507,1
6172,4
6841,8
8498,35
4051,51
3904,33
338,29
5080,35
4960,8
478,51
5712,43
6022,35
4887,18
3987,32
837,40
7778,41
7565,23
7768,53
3441,39
2130,20
6155,18
6896,17
5891,41
3278,53
2245,51
6145,51
6484,13
2885,8
3839,51
6530,32
4100,7
6277,4
4516,51
2828,40
2208,1
2597,18
4751,43
7460,21
1816,51
914,49
727,41
2265,8
1853,51
3483,51
2360,32
6512,35
6194,51
6397,32
3480,10
3269,42
1445,23
7261,29
622,51
57,41
6551,3
1059,42
7252,51
5477,1
2350,4
2283,51
3223,1
6846,16
2463,17
7892,51
5545,49
3710,17
3733,21
5816,8
7403,19
3849,50
373,51
7394,18
4380,41
1872,25
6592,41
3826,18
4755,19
8043,4
295,29
5849,32
2613,33
3201,29
6321,17
4022,42
4584,12
738,3
8426,41
3432,4
2787,3
7543,20
3253,32
5657,19
2173,39
4568,3
1596,21
8099,3
2976,23
6147,49
4668,3
7675,3
505,18
7944,13
6457,3
1732,8
38,34
2405,49
2995,33
8732,13
3162,32
1728,35
6628,8
3687,13
3755,8
6751,49
4707,8
5181,35
6825,41
2844,51
184,35
8155,18
3212,17
2441,8
2927,19
1416,40
627,48
1902,18
7464,4
5286,34
193,32
7929,19
5281,40
7923,8
1990,8
3220,17
5636,13
7981,4
1238,35
1535,32
1084,33
5184,35
1768,42
7159,1
2647,33
8763,18
6045,18
3041,23
1865,42
1241,13
5694,29
6019,12
2550,52
1180,32
2024,20
6282,4
1890,13
4853,7
1992,8
4159,8
1266,35
7021,48
6058,19
6772,41
5291,17
2999,4
3098,4
8115,35
3918,50
2366,53
1398,39
2636,33
994,50
7674,32
7265,51
6489,34
6742,53
3270,1
1989,18
7947,41
36,48
1734,4
5666,41
2800,29
1744,4
6859,41
4050,8
5458,32
3323,26
7586,19
2045,17
5605,19
6978,31
7620,42
3501,31
6237,42
6377,13
81,31
4194,32
5758,40
5820,10
7018,8
3412,35
2000,41
3513,23
598,4
754,17
4983,35
3303,23
5922,4
7317,50
3434,1
5796,8
4685,41
4621,1
5504,20
7789,35
4846,4
271,20
6037,20
640,4
5070,2
6665,20
3213,4
1002,35
8393,35
7406,34
3958,52
5606,20
5215,8
3467,35
4921,4
7932,39
7404,32
2230,18
3383,42
1369,8
8770,4
6778,3
8623,41
5248,32
7532,8
2412,32
790,13
7410,35
8736,8
8349,52
5578,8
4898,8
1446,1
5034,17
1566,40
1318,17
7219,48
1040,32
8562,22
877,8
3841,33
669,42
5752,17
8035,23
8323,17
4414,39
3005,13
7129,8
8738,3
4666,35
6432,35
2509,7
2316,50
4004,23
6549,5
5151,40
8350,23
4913,32
7389,35
2003,35
4787,49
1643,41
7891,41
1660,16
5892,35
4035,42
8793,8
6655,17
990,35
2861,5
4659,8
218,12
8291,41
6729,22
5137,1
7809,35
5222,8
5771,17
4442,18
5375,41
6222,49
7274,17
261,1
8101,35
2404,40
5064,39
862,41
481,4
5783,42
5121,51
7260,8
4459,13
8195,43
8220,4
6383,12
3534,18
1719,52
6440,12
7307,35
2695,18
8331,18
8178,19
3619,42
4526,13
5427,39
8024,32
1193,19
3616,20
3113,41
1389,35
7799,49
1074,17
7222,41
5858,52
3208,18
4077,8
6809,42
2951,39
700,18
4321,35
8131,53
8699,13
5388,18
2962,35
1016,53
7998,4
7516,34
35,41
6686,49
7755,32
2126,19
1546,20
2394,17
2599,17
6687,52
8797,13
3843,17
1482,40
4965,35
5937,52
2477,32
5524,41
3342,40
8622,17
8385,41
4250,19
1315,32
3583,41
5107,9
6387,40
7353,46
194,1
5056,35
8605,8
5221,18
1461,29
3164,40
149,41
8657,3
1912,3
7863,41
5273,52
2159,43
1176,23
6086,51
6695,42
966,1
1905,41
703,4
3077,18
561,32
1505,52
5003,4
3803,41
6966,40
245,29
470,18
2261,53
1374,1
7999,8
7720,42
1034,34
2420,18
7870,4
565,42
7056,18
5041,8
1791,17
826,18
4112,40
6852,4
6300,42
8219,18
4902,23
3261,4
838,35
8499,17
8012,40
5052,17
2480,35
5780,49
2017,32
3210,42
8163,4
8803,32
5736,34
6441,51
4851,4
2069,13
6287,32
239,40
8492,4
4772,16
7016,41
5459,17
570,17
6063,42
8428,8
4971,4
5992,35
7263,4
6359,3
8595,35
6881,42
3571,16
8431,42
6578,35
3671,8
3667,18
7289,35
5316,1
2633,9
5612,18
1249,35
6803,19
3284,8
6100,1
909,35
5377,18
2225,32
1319,18
7186,35
7343,8
7930,34
6241,4
3530,5
2072,35
2485,13
1292,1
5295,35
1468,29
1943,18
6552,35
6613,12
2643,40
7961,32
6995,19
3808,1
6230,48
5871,35
103,1
383,41
2129,41
2857,4
2809,1
6901,42
178,1
4738,32
2258,1
7033,18
7772,52
7959,32
2836,8
3533,42
5501,17
1361,8
3588,8
4715,13
7697,13
1771,7
5921,34
4857,42
4283,4
389,32
7560,1
2423,8
3497,32
405,18
3185,49
2077,8
1773,4
1313,2
8729,35
3193,32
489,35
7694,32
6944,18
1665,18
4429,4
1019,32
4349,19
1365,42
7173,8
4392,41
3919,8
4771,13
8408,4
5755,35
4182,41
3518,32
355,20
4473,4
5561,13
8442,1
288,23
1839,41
1641,16
1079,39
3186,41
1049,16
4509,20
7087,35
3527,32
5092,16
6029,20
1792,40
4548,16
987,35
8800,32
5750,29
8200,8
1863,32
3982,13
1154,40
1622,32
266,1
5947,18
2413,7
874,18
6433,40
567,32
4028,32
7658,18
25,42
6913,13
782,8
2016,17
5847,35
5293,41
33,8
920,16
4571,35
7234,32
5903,16
4396,19
2029,8
7829,35
2547,13
2179,26
7626,16
31,8
5581,4
4057,35
2548,8
97,19
7059,35
6393,4
2986,8
6487,1
5728,35
1097,29
3946,41
447,40
7424,13
2474,13
7319,35
2627,20
6796,13
6219,50
3954,8
7645,26
3909,1
1682,51
3014,8
5083,41
6140,16
4490,13
856,17
2322,8
5538,13
6053,8
5011,41
4386,18
8366,13
2192,20
5242,8
3350,41
289,1
5613,35
2741,32
6563,34
8635,33
7189,8
2490,1
7335,33
5587,41
3157,33
933,29
4660,35
8269,12
7732,52
3933,40
7952,32
485,32
2699,1
1048,4
3837,8
2121,1
3288,4
6762,35
2358,41
2190,1
861,1
7993,1
901,1
5362,29
3788,32
7893,1
6476,1
2913,52
7646,8
5461,35
7707,32
3860,7
1001,8
5685,18
628,40
5312,8
111,29
6110,16
432,8
2940,32
7250,35
491,18
6074,40
4099,35
5924,4
7376,41
5729,34
4269,20
8234,41
3742,17
6680,8
1919,4
5405,18
1536,41
4936,5
2393,4
1368,4
1094,35
7070,8
3888,4
8020,8
7654,19
3769,4
2575,41
518,29
4924,4
1254,41
546,29
1057,8
52,35
3506,8
6900,22
1173,51
7390,35
1285,22
8139,51
681,41
7940,18
7037,18
1784,51
6430,1
2346,13
7242,41
8598,17
5586,35
435,35
5961,51
6557,13
2414,52
6558,51
6302,53
6085,8
7480,51
7065,29
1331,7
2137,42
1222,4
8126,42
4623,1
8585,51
7740,8
6960,51
8173,8
648,32
2060,35
1664,49
8436,13
7066,20
6211,17
7984,17
2651,16
3009,42
3301,35
4400,17
1214,1
442,5
2914,4
1414,19
4186,41
8278,32
4645,42
4728,40
7815,2
5949,42
5105,42
1893,21
731,13
6684,18
7461,8
4464,8
1747,42
6338,42
4714,9
6664,16
4810,18
6148,18
6485,4
2300,20
4849,18
8255,20
1690,41
8235,16
1978,20
7398,16
3276,8
863,20
5543,18
6817,51
3821,16
4905,20
6856,18
587,16
415,20
5161,8
7309,18
7003,7
304,20
1901,16
5218,18
3242,20
7737,8
3768,16
8285,20
5066,8
5424,49
5398,17
4503,8
6545,41
2933,20
5179,8
1384,13
8569,4
1293,39
6335,20
5002,18
431,42
427,18
6932,35
7600,13
7941,20
5946,35
6614,42
763,20
8021,8
7978,32
7015,42
2709,4
510,29
7668,34
2456,51
7447,29
3042,35
233,51
5413,18
7819,40
7608,51
6546,35
5147,51
8412,9
4175,51
238,4
4292,39
3672,51
7489,4
3346,8
8745,51
6670,42
4841,40
5590,42
4462,51
7589,41
5436,29
4671,51
5322,51
7119,34
7301,51
5479,49
1007,51
6431,8
8231,51
1868,51
3752,51
2554,13
98,42
8626,51
955,16
4602,52
6183,4
4417,51
7786,8
3423,25
1669,40
2466,29
7331,5
6035,1
7762,51
2009,25
3548,42
4850,51
6392,25
161,17
7441,51
4912,47
6691,4
3743,51
2436,17
6575,51
2476,18
4438,51
6510,23
8681,51
780,42
4508,1
7491,51
926,42
4191,12
7987,18
7910,17
6395,42
934,42
4644,51
7742,8
260,32
1423,51
8667,25
4650,1
8284,48
8360,51
1113,51
2692,40
8371,48
2050,51
4116,48
4975,32
759,29
8318,51
2266,8
2388,41
5084,42
6657,29
2772,25
1631,35
4558,29
633,1
6380,8
5680,8
2275,4
3429,41
1436,4
8036,29
6179,51
4221,1
7960,33
1086,5
5074,19
6356,12
3575,5
1458,51
2967,34
4800,51
890,51
2127,12
424,51
2935,8
317,51
8140,51
6306,16
2311,5
6526,12
4163,51
2324,51
468,7
1358,51
1464,51
3361,49
2418,35
7051,25
6275,13
1233,42
1847,25
2881,4
2837,34
8559,13
2147,25
7336,29
3676,35
3235,13
3156,25
5914,1
5595,8
7735,17
6125,41
5763,25
4010,35
4499,13
99,8
2584,29
160,25
7780,20
1330,42
3820,25
3764,1
4579,17
1224,1
6965,25
106,40
2256,25
6228,1
7168,35
685,25
6227,1
3564,1
7256,1
6254,41
7997,1
347,25
5172,20
311,8
5230,25
1918,8
2293,25
5732,20
2028,25
7325,1
6018,17
953,25
5540,4
356,25
5979,4
1327,32
758,25
974,41
362,33
4234,25
5517,33
2750,25
3630,1
1,13
5072,42
1548,25
818,1
4185,32
748,4
5332,39
5625,25
7149,51
7226,32
6083,41
7237,17
6605,18
5514,25
2997,40
3410,4
5366,25
1758,20
515,32
224,25
8519,13
162,32
8497,25
5990,42
380,17
3430,17
4493,16
2163,13
4673,25
665,40
8692,25
3936,29
4060,49
2447,25
4697,52
5510,41
2106,25
5207,52
7580,43
131,1
8392,18
6202,25
8532,41
1089,25
6750,18
7979,8
709,8
3459,8
5583,40
1188,18
9,25
2704,42
2495,12
43,25
1118,8
8752,33
7805,18
2114,25
3297,13
5263,52
8223,19
26,8
1710,17
2602,8
2188,35
4096,25
7099,20
6206,25
8040,1
2417,25
7631,3
2046,25
2693,32
7598,41
1352,18
6126,31
4465,25
2006,8
7368,13
6303,25
7497,18
4670,33
3882,25
6159,13
7577,8
1501,25
414,40
6429,18
50,39
1393,17
5060,25
5241,34
5439,25
823,13
4397,34
455,32
6538,41
8603,29
179,25
855,29
4655,20
369,25
349,8
2565,41
4651,25
8706,43
2143,41
629,4
1678,51
3362,25
7082,4
3952,17
6079,25
6758,43
1688,18
5897,25
1724,1
3607,19
7500,25
7093,18
8011,41
2649,25
140,41
2281,41
2224,25
5585,48
2503,33
743,25
8558,29
112,49
6348,25
6312,42
2642,33
359,8
2773,21
6132,25
2954,42
3195,33
4581,25
488,42
4647,25
1146,42
5005,16
1557,35
1394,8
7063,4
7880,25
3473,32
3081,39
7330,23
3797,25
5719,18
4637,18
1804,25
3650,23
3924,39
1421,25
382,23
8404,1
7094,25
3887,23
4018,29
8673,25
3176,23
7453,29
867,23
921,8
5721,23
4016,35
8671,29
3470,39
6867,41
1776,53
5901,32
7113,41
3178,25
4093,8
8204,8
6017,25
8488,34
8416,8
4301,25
5321,18
6586,25
7578,1
7873,13
5473,25
6276,32
2639,25
1674,32
8283,25
5859,1
7344,8
8165,25
4144,20
1729,25
5857,8
6390,8
3107,25
8727,42
2811,25
4815,53
8624,18
8653,20
5096,8
2878,16
8651,25
1203,8
6163,35
8711,7
4826,32
6855,25
5634,12
6428,8
3943,1
5350,25
2074,41
6420,25
8088,39
7504,8
7928,4
3957,40
5835,32
600,25
3729,35
7318,25
8457,29
6692,25
6198,29
257,25
4867,17
2990,29
5097,23
4118,17
1486,42
7387,17
5171,4
7209,8
4225,40
2481,17
7437,1
1705,8
7913,25
1564,4
6268,25
2369,4
1281,35
8122,25
6946,20
1848,25
8718,20
4542,20
8418,42
5163,13
1129,20
3375,25
1827,18
1139,17
5297,13
1191,8
6987,41
593,17
6201,20
4117,12
2648,13
2736,25
500,1
4881,20
5784,40
4543,23
5730,23
8744,8
5447,20
2318,40
5668,48
172,25
1612,19
70,13
3993,32
6076,20
6650,40
6308,33
3356,40
6108,8
2012,25
4569,39
8388,25
7201,39
6505,25
6382,39
1591,25
8630,39
2526,4
5981,39
3038,29
3846,1
7007,39
2321,25
3314,49
5840,39
2663,25
3102,17
4863,39
3913,25
7141,40
4764,51
3555,25
1608,39
8301,13
8749,1
1489,25
6668,19
4982,8
1123,50
8398,25
6262,8
1184,1
8169,18
6309,4
4939,25
1884,18
6106,18
675,18
3262,25
6368,4
2756,25
6540,41
3244,25
1829,4
4694,25
6697,5
5649,17
7448,4
5996,39
2953,4
5900,20
3968,39
7306,20
8555,39
4394,4
6482,4
7211,39
7867,9
7794,29
408,13
5421,4
5443,8
1480,41
6210,4
4223,8
3289,25
195,1
737,4
545,25
6815,18
3939,1
6989,51
7585,23
4294,4
4522,25
6860,23
4624,4
2757,1
1353,23
2279,16
7482,4
2863,29
3364,35
5119,25
4137,8
4476,35
4042,13
6094,25
708,8
5539,17
3409,8
104,41
8582,25
1735,8
2430,51
3947,1
2326,8
7820,53
6279,30
4076,32
3010,25
8377,39
1659,25
3355,19
6789,34
7723,41
1277,1
1181,25
939,8
2167,40
590,25
3859,40
4176,51
4801,25
897,8
7022,40
4796,25
4837,35
6752,39
8511,13
5768,18
8263,8
5747,25
5044,18
5909,23
1813,25
6583,18
7123,23
4505,25
4803,18
6408,25
7557,23
4993,8
6718,25
8177,18
4384,29
3770,25
7235,23
206,25
4434,17
1106,8
8645,25
5475,32
8438,23
4119,25
3458,8
7542,23
7383,23
6851,25
1309,19
8246,8
2117,25
6416,19
8584,30
2530,25
3574,17
3723,42
8796,25
835,8
4288,51
3052,25
6634,29
5607,51
5019,8
7,25
2468,4
4703,17
1321,25
2950,18
2110,17
1785,25
4914,7
2220,8
4941,25
1790,32
8182,8
3063,25
2864,29
947,25
2280,1
6602,39
4985,41
1322,15
381,41
5985,8
4711,25
3315,51
6445,8
8450,25
2067,51
878,8
6471,53
5548,5
7921,53
7396,8
6109,8
2302,5
6725,53
1586,18
8654,5
3559,25
3158,8
1213,5
583,25
1916,8
4249,25
6336,41
6679,13
5252,19
3088,8
5433,25
5620,18
7843,51
687,25
1588,41
2975,51
165,25
0,39
3169,25
6075,51
3013,18
552,25
6177,5
1714,25
6114,29
3593,18
8384,29
6811,8
6958,25
7199,8
7747,25
407,25
4260,8
5075,25
7561,8
3697,32
2812,25
1698,29
5852,25
7280,50
2617,8
3084,20
7294,25
2278,8
5148,18
1969,42
6404,25
4254,18
1601,41
1078,52
4224,8
6407,8
597,31
3698,8
941,31
3774,29
2732,25
3388,33
6167,8
8078,25
8184,51
924,17
1926,8
5911,8
5855,25
8579,13
1925,8
7528,25
7405,52
2458,3
1337,25
3426,49
670,41
3912,25
8014,8
5203,1
5556,25
6967,41
6833,41
6810,7
4842,29
8762,17
4463,8
5939,8
7120,32
2123,42
5874,18
5953,13
6961,1
6157,25
5983,18
6182,4
6056,25
7176,1
3707,25
6066,17
5368,25
7292,25
1610,8
4443,25
7218,17
3929,29
8806,25
2424,17
581,25
1121,2
7602,1
4747,25
1524,17
829,42
6012,25
6601,29
8142,1
7922,25
2824,32
203,25
4107,8
4530,18
2963,1
4244,1
122,25
3828,1
3985,13
3170,40
4809,29
2669,52
8743,20
2238,25
7440,4
3848,1
2180,25
942,18
3544,51
1984,25
4677,3
5664,1
5707,25
3561,23
6166,1
6534,4
7483,29
2176,35
8391,25
5269,19
8458,25
8090,12
163,48
87,25
5138,19
6006,8
857,25
1592,8
7759,32
7470,25
308,13
3074,42
8265,8
7875,4
1569,4
3217,25
8413,52
5167,1
8422,53
3780,42
8493,29
5499,13
4457,17
7787,34
4507,23
3466,19
2674,16
2263,17
20,25
4956,17
6593,25
8276,4
4618,35
8347,8
2219,8
3678,32
8065,25
1694,16
8689,29
3705,16
5955,25
3397,23
6175,32
326,25
7009,17
3347,48
2608,31
3399,25
2075,23
1956,25
8191,53
4988,17
2491,25
8789,16
7967,25
3325,39
250,25
5553,13
3800,4
3456,8
1314,8
1204,17
5497,4
3046,4
4338,4
387,53
7962,25
128,41
8289,3
1511,25
798,51
3516,53
3688,25
6843,53
5615,25
2460,53
4274,23
8315,25
7102,8
7465,18
7510,25
4587,18
2511,4
5383,25
5828,51
8786,8
1645,51
413,25
2151,19
632,4
7202,25
1967,8
3136,25
1837,4
792,25
979,8
1095,8
325,25
1465,8
7428,8
6374,25
998,29
6582,8
5122,25
4989,13
1462,17
159,3
6647,8
8574,13
1310,15
2712,39
4669,25
5042,18
3295,41
4641,25
8034,25
6403,41
3549,25
6940,40
793,8
1320,51
4706,25
5239,8
5870,51
6238,25
3421,42
1495,25
513,25
6617,1
8508,40
841,29
4934,25
8596,13
3252,34
6648,29
2471,35
1326,25
4896,39
5599,4
3835,25
8522,4
4954,51
5165,25
4878,29
2852,51
3124,51
5193,52
7914,51
137,25
6243,32
3160,18
1105,25
2136,8
4256,25
3411,19
7279,25
5641,52
4561,25
7520,17
5559,8
8606,25
8102,8
7392,18
2596,25
8267,29
1756,18
1405,25
4452,32
541,1
2482,25
3199,52
2470,29
1706,25
286,8
6005,40
3141,25
5035,35
6394,4
4883,25
1425,1
4252,4
8462,25
1502,41
7672,35
51,25
4630,29
4279,32
8791,25
7866,0
8756,4
2124,25
2882,52
5995,25
2908,4
2808,25
977,8
3291,4
8114,33
562,4
4328,25
6828,4
2670,1
7964,25
5113,8
4564,8
5594,25
2711,42
8280,25
5802,52
2797,18
5698,25
4698,29
4339,5
4154,25
8779,1
7883,32
1122,25
285,39
3961,8
7085,25
2090,8
398,8
3032,25
4013,8
881,16
5223,25
2561,40
7773,25
8724,8
6641,35
865,32
596,8
4152,25
4193,5
4525,8
2015,25
3745,41
768,1
246,25
5401,8
3205,5
5848,25
5631,32
8560,5
2020,25
7013,51
5454,5
5483,25
1221,5
7435,20
5791,41
4320,25
6780,25
2564,5
4814,40
1186,8
7884,5
6259,13
7356,25
930,5
5521,18
8694,25
5952,5
3417,1
1716,5
5466,25
1297,1
134,25
185,31
5274,5
7741,25
7603,42
4075,1
8721,5
6864,43
7477,25
1377,5
5435,13
6176,5
2959,25
6203,33
8205,5
1439,25
8227,35
3404,5
4047,51
5176,51
8197,51
5529,5
1977,25
486,5
4069,51
614,25
2595,5
8660,25
6324,5
1147,25
1364,23
2347,4
8051,25
1555,5
3812,17
4280,48
900,5
6470,25
229,16
3529,5
2462,25
7566,4
2947,5
5013,5
8674,41
523,25
5298,5
1527,25
5444,5
1781,25
5063,25
4109,5
7371,25
7633,5
6717,25
1520,5
2964,25
3715,5
7501,25
5580,25
7248,5
6980,12
2972,25
1530,5
8334,35
3508,25
8335,5
5394,34
8530,25
7971,5
4844,33
3840,5
5617,12
3499,5
7225,16
4927,5
5134,41
2735,35
8387,49
7609,35
1161,25
3560,20
2838,17
1228,8
3792,25
5706,17
7227,32
5770,25
4347,52
2178,25
4265,5
4061,17
619,25
526,5
5311,5
8066,8
6625,5
6888,25
7326,4
2907,5
371,25
805,4
5505,25
366,5
1625,41
7638,49
1556,5
90,41
3138,25
6921,5
984,35
8589,25
4972,5
755,18
6536,5
4904,32
3832,40
2400,4
4177,25
1864,5
4441,8
4298,25
5333,5
4861,42
2760,13
5935,32
2286,42
2869,13
5853,35
1667,4
1067,5
6342,4
3869,29
4074,25
5141,17
2807,25
820,8
923,1
3448,8
6207,25
8357,13
272,29
2980,25
8481,35
8649,18
3891,25
6095,8
4813,25
2834,15
1603,23
5008,25
4122,41
5392,25
4903,35
5197,8
6146,4
7955,25
7443,25
6015,18
2573,25
3628,29
5489,32
1099,25
2710,29
7488,25
2215,17
1801,17
4721,25
3553,1
3230,17
8052,25
3204,17
7597,8
3878,25
5588,35
1547,42
4784,25
5195,17
6051,25
7729,1
568,18
6689,42
94,23
2662,25
8713,17
6988,42
2725,25
1903,16
6093,42
3015,25
5731,49
3730,8
7195,25
5942,17
1339,42
7215,25
1554,25
8174,42
1219,25
3568,42
7660,18
6040,25
8072,17
4059,49
4992,25
4458,18
8261,42
698,25
6701,42
3866,18
135,41
8303,18
6749,3
1418,17
806,25
7337,4
4228,18
1715,25
4735,17
3249,25
2623,42
578,18
2445,25
5520,32
3538,25
1947,17
6928,23
2761,18
4412,4
1200,12
4763,18
6411,25
102,29
4482,25
2191,4
7681,42
3142,32
4158,25
6057,42
3092,22
4198,41
3867,13
7677,8
3321,41
8079,40
2427,18
8091,35
717,35
8002,25
777,1
1174,4
7321,8
3392,25
7975,8
7139,4
2887,25
1708,1
3597,35
7206,25
6463,25
7550,8
3546,8
6033,12
422,32
7169,42
1291,25
141,25
7467,17
3376,39
8787,25
8010,40
4178,8
2317,41
6930,4
5681,33
5476,1
1111,19
8495,32
6704,13
2507,40
3795,25
1115,33
4718,25
991,35
5150,25
7047,25
2890,8
3277,49
1340,25
1733,4
6877,16
1614,25
3842,20
3299,49
6982,8
4029,20
4725,25
5976,49
5690,20
1279,18
1023,25
6111,16
8658,25
1915,20
6533,12
6858,41
3976,12
4701,13
8533,23
6438,12
1559,7
5453,13
7175,21
4072,12
8226,17
1750,35
3805,19
3115,21
1088,25
62,23
1634,18
3023,12
686,17
4578,40
3694,25
6713,23
374,23
5546,25
8690,19
8545,23
3784,25
3420,23
6196,25
3062,49
927,25
7552,25
6204,35
5199,25
7298,52
1415,35
2911,25
8138,18
7624,19
7509,19
3819,25
6009,50
594,19
5931,13
3237,34
3489,19
7136,17
4704,19
2479,18
4524,40
8105,23
858,19
7522,19
1406,51
7834,8
4445,25
7366,1
6449,8
1006,41
1359,40
7434,25
8038,23
8092,8
5710,18
4261,18
7661,25
1437,17
887,18
7502,25
7599,51
1616,18
8279,25
7170,51
7232,52
5527,25
2415,40
314,25
8080,33
2971,25
1862,42
293,25
1704,4
691,33
8362,25
2312,12
8208,25
1819,12
8342,25
3509,8
847,25
5829,22
6144,25
6304,25
5280,18
6884,25
2895,13
4782,41
1490,8
7777,1
2505,25
1822,42
6764,13
1110,42
4276,25
3002,8
1077,49
8154,25
3990,8
2264,25
2216,49
6627,8
8222,17
457,25
1738,29
5972,25
204,17
711,25
7684,49
5764,25
4136,42
5633,41
1565,51
8792,49
1020,13
4590,25
5173,53
1657,8
7954,25
2492,25
7220,8
1939,49
496,25
4359,49
618,8
2701,42
3981,49
8783,42
5787,42
579,25
207,42
2214,25
6861,42
2435,25
3367,42
1950,25
2650,42
8757,25
7320,42
6339,25
5999,42
4573,18
5565,17
1033,42
8484,42
8332,29
3024,16
2170,25
5428,16
3311,25
7841,49
4572,25
6371,42
265,25
430,17
2083,25
5769,42
6405,25
5644,4
8798,4
2779,42
4852,25
4368,17
8097,25
3408,17
615,25
5873,25
6949,1
5593,8
397,20
667,25
5782,18
6635,25
5827,1
6215,25
3510,1
3455,25
4131,1
4580,25
8364,35
2303,25
1055,25
1096,35
143,25
8494,35
8643,25
7531,35
773,25
3696,25
5217,52
1975,25
8794,41
784,25
3986,32
2375,17
1455,25
3100,8
4105,25
5277,1
68,25
7908,42
4419,25
1128,23
8513,39
8567,12
8395,8
3988,4
4665,25
3960,4
4920,25
1401,4
5660,25
4804,25
5341,8
517,25
7116,42
2571,25
766,17
2973,25
4214,25
5437,35
8135,25
5978,4
8407,4
6255,35
822,25
2172,51
1112,51
4135,25
6218,23
2299,25
2078,23
7847,25
7348,23
6021,25
1611,23
7671,25
1370,8
5619,25
2680,8
450,25
1757,29
6719,25
2246,35
1269,25
2743,23
8485,35
2053,35
4663,25
7710,42
6922,35
3979,25
5984,1
65,25
4593,23
2399,25
621,52
8411,25
827,32
4398,25
8149,1
6702,8
84,25
234,8
4785,13
6950,13
3532,32
209,25
4006,13
886,52
8132,25
5656,1
6044,25
5839,29
5838,25
5894,8
7695,25
2586,4
7730,25
946,8
6362,5
1751,29
3572,25
223,34
7831,25
6581,41
724,25
5885,25
361,25
1835,25
7796,41
8521,25
2781,20
5667,25
6853,4
1355,13
5010,18
7524,17
1656,1
1680,1
2171,1
5001,1
4127,29
5120,39
8696,5
5846,41
477,5
8693,13
601,12
7040,48
5372,12
8775,42
960,48
2620,8
1039,42
814,42
1470,5
8116,8
6264,42
4865,42
8070,42
8401,8
4275,42
7803,29
4845,42
769,40
6156,4
2,1
331,40
1385,42
4479,40
4854,19
5799,40
7415,4
636,40
1346,42
5014,19
8472,13
6036,40
2161,51
1452,4
2100,40
4314,4
591,40
6296,4
5073,41
2830,17
3462,35
3951,40
949,32
1938,42
1093,51
452,4
3611,42
